case,time,field,model,MSE,RMSE,MAE,L2,RelL2,MaxAbsError,MeanAbsError,real_model_folder,source_file
Lid,steady,u,PINN,1.323103106187773e-06,0.0011502621901930763,0.0008237158181145787,0.138031467795372,0.0784911078488094,0.0033376484643667936,0.0008237158181145787,PINN,D:\科研工作\PINN研究组\MMS_算例对比\EJMB期刊投稿工作\重构的七模型训练代码\Lid算例\Lid\PINN\metrics\field_metrics.csv
Lid,steady,u,ResAtten-PINN,2.2165383484207268e-07,0.00047080126894696525,0.0004204007564112544,0.05649615079164505,0.032126337100200644,0.0009245977271348238,0.0004204007564112544,ResAtten-PINN,D:\科研工作\PINN研究组\MMS_算例对比\EJMB期刊投稿工作\重构的七模型训练代码\Lid算例\Lid\ResAtten-PINN\metrics\field_metrics.csv
Lid,steady,u,LSTM-PINN,1.3986678482069692e-08,0.00011826528857644449,9.776164370123297e-05,0.014191834256052971,0.008070136548976333,0.0002724453806877136,9.776164370123297e-05,LSTM-PINN,D:\科研工作\PINN研究组\MMS_算例对比\EJMB期刊投稿工作\重构的七模型训练代码\Lid算例\Lid\LSTM-PINN\metrics\field_metrics.csv
Lid,steady,u,DP-PINN,1.630921815376496e-07,0.00040384673025499365,0.0003215717733837664,0.04846160486340523,0.02755752086545197,0.0012339651584625244,0.0003215717733837664,DP-PINN,D:\科研工作\PINN研究组\MMS_算例对比\EJMB期刊投稿工作\重构的七模型训练代码\Lid算例\Lid\DP-PINN\metrics\field_metrics.csv
Lid,steady,u,Causal-PINN,3.788280810113065e-05,0.006154901144708227,0.005255322903394699,0.7385880351066589,0.4199954839670315,0.013753160834312439,0.005255322903394699,Causal-PINN,D:\科研工作\PINN研究组\MMS_算例对比\EJMB期刊投稿工作\重构的七模型训练代码\Lid算例\Lid\Causal-PINN\metrics\field_metrics.csv
Lid,steady,u,Param-ANN-PINN,1.3554240752000624e-07,0.00036816084463180793,0.00028598622884601355,0.04417930170893669,0.025122404264091333,0.0012999773025512695,0.00028598622884601355,Parameter-ANN-PINN,D:\科研工作\PINN研究组\MMS_算例对比\EJMB期刊投稿工作\重构的七模型训练代码\Lid算例\Lid\Parameter-ANN-PINN\metrics\field_metrics.csv
Lid,steady,u,PirateNet,2.2165383484207268e-07,0.00047080126894696525,0.0004204007564112544,0.05649615079164505,0.032126337100200644,0.0009245977271348238,0.0004204007564112544,PirateNet,D:\科研工作\PINN研究组\MMS_算例对比\EJMB期刊投稿工作\重构的七模型训练代码\Lid算例\Lid\PirateNet\metrics\field_metrics.csv
Lid,steady,v,PINN,9.496982329437742e-07,0.0009745246189521198,0.0007548888679593801,0.11694294959306717,0.07296279965761289,0.0024651624262332916,0.0007548888679593801,PINN,D:\科研工作\PINN研究组\MMS_算例对比\EJMB期刊投稿工作\重构的七模型训练代码\Lid算例\Lid\PINN\metrics\field_metrics.csv
Lid,steady,v,ResAtten-PINN,1.4794395042372344e-07,0.000384634827367106,0.0003035152330994606,0.046156179159879684,0.028797666423857997,0.0010290537029504776,0.0003035152330994606,ResAtten-PINN,D:\科研工作\PINN研究组\MMS_算例对比\EJMB期刊投稿工作\重构的七模型训练代码\Lid算例\Lid\ResAtten-PINN\metrics\field_metrics.csv
Lid,steady,v,LSTM-PINN,5.997696916892892e-08,0.00024490195827908136,0.00019835149578284472,0.02938823588192463,0.01833584644824673,0.0007442561909556389,0.00019835149578284472,LSTM-PINN,D:\科研工作\PINN研究组\MMS_算例对比\EJMB期刊投稿工作\重构的七模型训练代码\Lid算例\Lid\LSTM-PINN\metrics\field_metrics.csv
Lid,steady,v,DP-PINN,2.3730125064957974e-07,0.0004871357620310582,0.0003874056856147945,0.058456290513277054,0.036471926082667444,0.001165539026260376,0.0003874056856147945,DP-PINN,D:\科研工作\PINN研究组\MMS_算例对比\EJMB期刊投稿工作\重构的七模型训练代码\Lid算例\Lid\DP-PINN\metrics\field_metrics.csv
Lid,steady,v,Causal-PINN,1.8014576198766008e-05,0.004244358160990423,0.003569421824067831,0.5093229413032532,0.3177757005159247,0.00900171883404255,0.003569421824067831,Causal-PINN,D:\科研工作\PINN研究组\MMS_算例对比\EJMB期刊投稿工作\重构的七模型训练代码\Lid算例\Lid\Causal-PINN\metrics\field_metrics.csv
Lid,steady,v,Param-ANN-PINN,4.38611635900088e-07,0.0006622776124104513,0.0005705280345864594,0.07947331666946411,0.049584824929231136,0.0017224419862031937,0.0005705280345864594,Parameter-ANN-PINN,D:\科研工作\PINN研究组\MMS_算例对比\EJMB期刊投稿工作\重构的七模型训练代码\Lid算例\Lid\Parameter-ANN-PINN\metrics\field_metrics.csv
Lid,steady,v,PirateNet,1.4794395042372344e-07,0.000384634827367106,0.0003035152330994606,0.046156179159879684,0.028797666423857997,0.0010290537029504776,0.0003035152330994606,PirateNet,D:\科研工作\PINN研究组\MMS_算例对比\EJMB期刊投稿工作\重构的七模型训练代码\Lid算例\Lid\PirateNet\metrics\field_metrics.csv
Lid,steady,p,PINN,1.0502173608983867e-05,0.003240705726995876,0.0030500544235110283,0.38888469338417053,0.006535877199733848,0.0074600279331207275,0.0030500544235110283,PINN,D:\科研工作\PINN研究组\MMS_算例对比\EJMB期刊投稿工作\重构的七模型训练代码\Lid算例\Lid\PINN\metrics\field_metrics.csv
Lid,steady,p,ResAtten-PINN,4.17744786318508e-06,0.002043880589267651,0.0017567399190738797,0.2452656775712967,0.00412211222808895,0.004084717482328415,0.0017567399190738797,ResAtten-PINN,D:\科研工作\PINN研究组\MMS_算例对比\EJMB期刊投稿工作\重构的七模型训练代码\Lid算例\Lid\ResAtten-PINN\metrics\field_metrics.csv
Lid,steady,p,LSTM-PINN,4.133163656661054e-06,0.00203301836112246,0.0017839254578575492,0.24396219849586487,0.004100205016737156,0.00322878360748291,0.0017839254578575492,LSTM-PINN,D:\科研工作\PINN研究组\MMS_算例对比\EJMB期刊投稿工作\重构的七模型训练代码\Lid算例\Lid\LSTM-PINN\metrics\field_metrics.csv
Lid,steady,p,DP-PINN,5.922797896573684e-08,0.00024336799084049004,0.00021540846501011401,0.02920416370034218,0.0004908262806780115,0.0009107664227485657,0.00021540846501011401,DP-PINN,D:\科研工作\PINN研究组\MMS_算例对比\EJMB期刊投稿工作\重构的七模型训练代码\Lid算例\Lid\DP-PINN\metrics\field_metrics.csv
Lid,steady,p,Causal-PINN,3.439275315031409e-05,0.005864533498098045,0.00476167444139719,0.703744113445282,0.011827632158744036,0.015372304245829582,0.00476167444139719,Causal-PINN,D:\科研工作\PINN研究组\MMS_算例对比\EJMB期刊投稿工作\重构的七模型训练代码\Lid算例\Lid\Causal-PINN\metrics\field_metrics.csv
Lid,steady,p,Param-ANN-PINN,4.104978415853111e-06,0.002026074632350228,0.001735031371936202,0.2431289553642273,0.004086200930491146,0.004522440489381552,0.001735031371936202,Parameter-ANN-PINN,D:\科研工作\PINN研究组\MMS_算例对比\EJMB期刊投稿工作\重构的七模型训练代码\Lid算例\Lid\Parameter-ANN-PINN\metrics\field_metrics.csv
Lid,steady,p,PirateNet,4.17744786318508e-06,0.002043880589267651,0.0017567399190738797,0.2452656775712967,0.00412211222808895,0.004084717482328415,0.0017567399190738797,PirateNet,D:\科研工作\PINN研究组\MMS_算例对比\EJMB期刊投稿工作\重构的七模型训练代码\Lid算例\Lid\PirateNet\metrics\field_metrics.csv
Lid,steady,speed,PINN,1.4007088111611665e-06,0.001183515446101641,0.0009717164211906493,0.14202184975147247,0.05968870918963597,0.003277245443314314,0.0009717164211906493,PINN,D:\科研工作\PINN研究组\MMS_算例对比\EJMB期刊投稿工作\重构的七模型训练代码\Lid算例\Lid\PINN\metrics\field_metrics.csv
Lid,steady,speed,ResAtten-PINN,2.50707387294824e-07,0.0005007068876047383,0.0004265473398845643,0.06008482724428177,0.025252352270931238,0.0012841131538152695,0.0004265473398845643,ResAtten-PINN,D:\科研工作\PINN研究组\MMS_算例对比\EJMB期刊投稿工作\重构的七模型训练代码\Lid算例\Lid\ResAtten-PINN\metrics\field_metrics.csv
Lid,steady,speed,LSTM-PINN,5.014786452761655e-08,0.00022393718879993235,0.00017824587121140212,0.026872463524341583,0.011293914727349162,0.0007374333217740059,0.00017824587121140212,LSTM-PINN,D:\科研工作\PINN研究组\MMS_算例对比\EJMB期刊投稿工作\重构的七模型训练代码\Lid算例\Lid\LSTM-PINN\metrics\field_metrics.csv
Lid,steady,speed,DP-PINN,2.576704503098881e-07,0.000507612500151334,0.0004184093850199133,0.06091350317001343,0.02560062682467072,0.0014098756946623325,0.0004184093850199133,DP-PINN,D:\科研工作\PINN研究组\MMS_算例对比\EJMB期刊投稿工作\重构的七模型训练代码\Lid算例\Lid\DP-PINN\metrics\field_metrics.csv
Lid,steady,speed,Causal-PINN,3.535441283020191e-05,0.005945957688228357,0.0050131152383983135,0.7135149240493774,0.29987487755282477,0.013842545449733734,0.0050131152383983135,Causal-PINN,D:\科研工作\PINN研究组\MMS_算例对比\EJMB期刊投稿工作\重构的七模型训练代码\Lid算例\Lid\Causal-PINN\metrics\field_metrics.csv
Lid,steady,speed,Param-ANN-PINN,2.400447840500419e-07,0.0004899436539542501,0.00039433245547115803,0.05879323557019234,0.024709524248613637,0.001319829374551773,0.00039433245547115803,Parameter-ANN-PINN,D:\科研工作\PINN研究组\MMS_算例对比\EJMB期刊投稿工作\重构的七模型训练代码\Lid算例\Lid\Parameter-ANN-PINN\metrics\field_metrics.csv
Lid,steady,speed,PirateNet,2.50707387294824e-07,0.0005007068876047383,0.0004265473398845643,0.06008482724428177,0.025252352270931238,0.0012841131538152695,0.0004265473398845643,PirateNet,D:\科研工作\PINN研究组\MMS_算例对比\EJMB期刊投稿工作\重构的七模型训练代码\Lid算例\Lid\PirateNet\metrics\field_metrics.csv
TGV,2.5,u,PINN,0.00018537798314355314,0.01361535835531159,0.011110649444162846,1.089228630065918,0.33176394005088616,0.03305080160498619,0.011110649444162846,PINN,D:\科研工作\PINN研究组\MMS_算例对比\EJMB期刊投稿工作\重构的七模型训练代码\TGV算例\TGV\PINN\metrics\field_metrics.csv
TGV,2.5,u,ResAtten-PINN,2.334557029826101e-05,0.00483172539557672,0.00436769612133503,0.386538028717041,0.11773412472540988,0.010584584437310696,0.00436769612133503,ResAtten-PINN,D:\科研工作\PINN研究组\MMS_算例对比\EJMB期刊投稿工作\重构的七模型训练代码\TGV算例\TGV\ResAtten-PINN\metrics\field_metrics.csv
TGV,2.5,u,LSTM-PINN,5.376311946747592e-07,0.0007332333834972049,0.0005966891185380518,0.058658670634031296,0.01786661785277872,0.002082447987049818,0.0005966891185380518,LSTM-PINN,D:\科研工作\PINN研究组\MMS_算例对比\EJMB期刊投稿工作\重构的七模型训练代码\TGV算例\TGV\LSTM-PINN\metrics\field_metrics.csv
TGV,2.5,u,DP-PINN,0.00012146936933277175,0.011021314319661324,0.009093306958675385,0.8817051649093628,0.2685551695935902,0.02667132206261158,0.009093306958675385,DP-PINN,D:\科研工作\PINN研究组\MMS_算例对比\EJMB期刊投稿工作\重构的七模型训练代码\TGV算例\TGV\DP-PINN\metrics\field_metrics.csv
TGV,2.5,u,Causal-PINN,0.0001029696868499741,0.010147398033484944,0.008519445545971394,0.8117918372154236,0.24726053923081112,0.02267502434551716,0.008519445545971394,Causal-PINN,D:\科研工作\PINN研究组\MMS_算例对比\EJMB期刊投稿工作\重构的七模型训练代码\TGV算例\TGV\Causal-PINN\metrics\field_metrics.csv
TGV,2.5,u,Param-ANN-PINN,4.538401844911277e-05,0.006736766171473727,0.005602369084954262,0.5389413237571716,0.16415405553111365,0.015581462532281876,0.005602369084954262,Parameter-ANN-PINN,D:\科研工作\PINN研究组\MMS_算例对比\EJMB期刊投稿工作\重构的七模型训练代码\TGV算例\TGV\Parameter-ANN-PINN\metrics\field_metrics.csv
TGV,2.5,u,PirateNet,5.160200998943765e-06,0.002271607580314823,0.0018188023241236806,0.18172860145568848,0.0553520125845643,0.006412642542272806,0.0018188023241236806,PirateNet,D:\科研工作\PINN研究组\MMS_算例对比\EJMB期刊投稿工作\重构的七模型训练代码\TGV算例\TGV\PirateNet\metrics\field_metrics.csv
TGV,2.5,v,PINN,6.067285721655935e-05,0.0077892783501784905,0.006566094234585762,0.6231422424316406,0.18980048802862842,0.019286558032035828,0.006566094234585762,PINN,D:\科研工作\PINN研究组\MMS_算例对比\EJMB期刊投稿工作\重构的七模型训练代码\TGV算例\TGV\PINN\metrics\field_metrics.csv
TGV,2.5,v,ResAtten-PINN,2.6298514512745896e-06,0.0016216816738418762,0.00128097552806139,0.12973453104496002,0.03951533956422462,0.005245216190814972,0.00128097552806139,ResAtten-PINN,D:\科研工作\PINN研究组\MMS_算例对比\EJMB期刊投稿工作\重构的七模型训练代码\TGV算例\TGV\ResAtten-PINN\metrics\field_metrics.csv
TGV,2.5,v,LSTM-PINN,6.343006475617585e-07,0.0007964299388908974,0.0006556804291903973,0.0637143924832344,0.019406520637368092,0.002411207649856806,0.0006556804291903973,LSTM-PINN,D:\科研工作\PINN研究组\MMS_算例对比\EJMB期刊投稿工作\重构的七模型训练代码\TGV算例\TGV\LSTM-PINN\metrics\field_metrics.csv
TGV,2.5,v,DP-PINN,0.0001212811766890809,0.011012773342309415,0.008872082456946373,0.8810218572616577,0.2683470435572265,0.03206927701830864,0.008872082456946373,DP-PINN,D:\科研工作\PINN研究组\MMS_算例对比\EJMB期刊投稿工作\重构的七模型训练代码\TGV算例\TGV\DP-PINN\metrics\field_metrics.csv
TGV,2.5,v,Causal-PINN,0.00013903496437706053,0.011791308849193143,0.009616118855774403,0.943304717540741,0.2873175393314488,0.0258389450609684,0.009616118855774403,Causal-PINN,D:\科研工作\PINN研究组\MMS_算例对比\EJMB期刊投稿工作\重构的七模型训练代码\TGV算例\TGV\Causal-PINN\metrics\field_metrics.csv
TGV,2.5,v,Param-ANN-PINN,2.5858138542389497e-05,0.005085089826383551,0.004135177005082369,0.40680718421936035,0.12390782848726069,0.011875941418111324,0.004135177005082369,Parameter-ANN-PINN,D:\科研工作\PINN研究组\MMS_算例对比\EJMB期刊投稿工作\重构的七模型训练代码\TGV算例\TGV\Parameter-ANN-PINN\metrics\field_metrics.csv
TGV,2.5,v,PirateNet,3.7545669329119846e-06,0.0019376704913147604,0.0015588030219078064,0.15501363575458527,0.04721500439851808,0.006287187337875366,0.0015588030219078064,PirateNet,D:\科研工作\PINN研究组\MMS_算例对比\EJMB期刊投稿工作\重构的七模型训练代码\TGV算例\TGV\PirateNet\metrics\field_metrics.csv
TGV,2.5,p,PINN,0.003003298304975033,0.05480235674653995,0.05474931746721268,4.384188652038574,32.32712442007611,0.05982187017798424,0.05474931746721268,PINN,D:\科研工作\PINN研究组\MMS_算例对比\EJMB期刊投稿工作\重构的七模型训练代码\TGV算例\TGV\PINN\metrics\field_metrics.csv
TGV,2.5,p,ResAtten-PINN,0.008662841282784939,0.09307438575024247,0.09306807816028595,7.445950984954834,54.90324505185215,0.09553220123052597,0.09306807816028595,ResAtten-PINN,D:\科研工作\PINN研究组\MMS_算例对比\EJMB期刊投稿工作\重构的七模型训练代码\TGV算例\TGV\ResAtten-PINN\metrics\field_metrics.csv
TGV,2.5,p,LSTM-PINN,0.0020303260535001755,0.0450591395113153,0.045051898807287216,3.604731321334839,26.579740785459112,0.04697803035378456,0.045051898807287216,LSTM-PINN,D:\科研工作\PINN研究组\MMS_算例对比\EJMB期刊投稿工作\重构的七模型训练代码\TGV算例\TGV\LSTM-PINN\metrics\field_metrics.csv
TGV,2.5,p,DP-PINN,0.01667611300945282,0.12913602521935086,0.12904049456119537,10.33088207244873,76.17548801644165,0.14023379981517792,0.12904049456119537,DP-PINN,D:\科研工作\PINN研究组\MMS_算例对比\EJMB期刊投稿工作\重构的七模型训练代码\TGV算例\TGV\DP-PINN\metrics\field_metrics.csv
TGV,2.5,p,Causal-PINN,0.07133390754461288,0.26708408328579386,0.2670600116252899,21.36672592163086,157.5490614431135,0.27396732568740845,0.2670600116252899,Causal-PINN,D:\科研工作\PINN研究组\MMS_算例对比\EJMB期刊投稿工作\重构的七模型训练代码\TGV算例\TGV\Causal-PINN\metrics\field_metrics.csv
TGV,2.5,p,Param-ANN-PINN,0.015932651236653328,0.12622460630421206,0.12622098624706268,10.097968101501465,74.45808041481274,0.1285979300737381,0.12622098624706268,Parameter-ANN-PINN,D:\科研工作\PINN研究组\MMS_算例对比\EJMB期刊投稿工作\重构的七模型训练代码\TGV算例\TGV\Parameter-ANN-PINN\metrics\field_metrics.csv
TGV,2.5,p,PirateNet,0.05315617471933365,0.2305562289753492,0.23055137693881989,18.44449806213379,136.00180809810772,0.23364673554897308,0.23055137693881989,PirateNet,D:\科研工作\PINN研究组\MMS_算例对比\EJMB期刊投稿工作\重构的七模型训练代码\TGV算例\TGV\PirateNet\metrics\field_metrics.csv
TGV,2.5,speed,PINN,0.00012451123620849103,0.011158460297392783,0.008663523010909557,0.892676830291748,0.1922601901816286,0.03430362418293953,0.008663523010909557,PINN,D:\科研工作\PINN研究组\MMS_算例对比\EJMB期刊投稿工作\重构的七模型训练代码\TGV算例\TGV\PINN\metrics\field_metrics.csv
TGV,2.5,speed,ResAtten-PINN,1.2124946806579828e-05,0.0034820894311576533,0.002926613437011838,0.2785671651363373,0.05999637755800777,0.009247248992323875,0.002926613437011838,ResAtten-PINN,D:\科研工作\PINN研究组\MMS_算例对比\EJMB期刊投稿工作\重构的七模型训练代码\TGV算例\TGV\ResAtten-PINN\metrics\field_metrics.csv
TGV,2.5,speed,LSTM-PINN,5.191884611122077e-07,0.0007205473344008759,0.0005858673248440027,0.05764378607273102,0.012415025121140783,0.0026623872108757496,0.0005858673248440027,LSTM-PINN,D:\科研工作\PINN研究组\MMS_算例对比\EJMB期刊投稿工作\重构的七模型训练代码\TGV算例\TGV\LSTM-PINN\metrics\field_metrics.csv
TGV,2.5,speed,DP-PINN,9.91798224276863e-05,0.009958906688371284,0.00784329604357481,0.7967125177383423,0.17159188519589583,0.03274398669600487,0.00784329604357481,DP-PINN,D:\科研工作\PINN研究组\MMS_算例对比\EJMB期刊投稿工作\重构的七模型训练代码\TGV算例\TGV\DP-PINN\metrics\field_metrics.csv
TGV,2.5,speed,Causal-PINN,0.00011899314995389432,0.010908398138768786,0.008957603946328163,0.8726718425750732,0.1879516177929714,0.02734103426337242,0.008957603946328163,Causal-PINN,D:\科研工作\PINN研究组\MMS_算例对比\EJMB期刊投稿工作\重构的七模型训练代码\TGV算例\TGV\Causal-PINN\metrics\field_metrics.csv
TGV,2.5,speed,Param-ANN-PINN,3.386156458873302e-05,0.0058190690482871074,0.004925657995045185,0.4655255377292633,0.10026251985164854,0.01508989930152893,0.004925657995045185,Parameter-ANN-PINN,D:\科研工作\PINN研究组\MMS_算例对比\EJMB期刊投稿工作\重构的七模型训练代码\TGV算例\TGV\Parameter-ANN-PINN\metrics\field_metrics.csv
TGV,2.5,speed,PirateNet,4.134955815970898e-06,0.0020334590765419642,0.0016760453581809998,0.16267672181129456,0.03503648399089909,0.0068932450376451015,0.0016760453581809998,PirateNet,D:\科研工作\PINN研究组\MMS_算例对比\EJMB期刊投稿工作\重构的七模型训练代码\TGV算例\TGV\PirateNet\metrics\field_metrics.csv
RBC,1.0,u,PINN,7.517189806094393e-05,0.008670172654092312,0.006137747783213854,1.0404207706451416,73516.8515625,0.025505507364869118,0.006137747783213854,PINN,D:\科研工作\PINN研究组\MMS_算例对比\EJMB期刊投稿工作\重构的七模型训练代码\RBC算例\RBC\PINN\metrics\field_metrics.csv
RBC,1.0,u,ResAtten-PINN,0.0001404762442689389,0.011852267198264599,0.010590121150016785,1.422271966934204,100498.7265625,0.02531510777771473,0.010590121150016785,ResAtten-PINN,D:\科研工作\PINN研究组\MMS_算例对比\EJMB期刊投稿工作\重构的七模型训练代码\RBC算例\RBC\ResAtten-PINN\metrics\field_metrics.csv
RBC,1.0,u,LSTM-PINN,3.125368675682694e-05,0.005590499844402075,0.00438311044126749,0.6708599925041199,47403.43359375,0.016968144103884697,0.00438311044126749,LSTM-PINN,D:\科研工作\PINN研究组\MMS_算例对比\EJMB期刊投稿工作\重构的七模型训练代码\RBC算例\RBC\LSTM-PINN\metrics\field_metrics.csv
RBC,1.0,u,DP-PINN,4.923127926304005e-05,0.0070165004581213,0.005921585485339165,0.8419799208641052,59494.88671875,0.02341437339782715,0.005921585485339165,DP-PINN,D:\科研工作\PINN研究组\MMS_算例对比\EJMB期刊投稿工作\重构的七模型训练代码\RBC算例\RBC\DP-PINN\metrics\field_metrics.csv
RBC,1.0,u,Causal-PINN,0.0003624808741733432,0.019038930535316467,0.014769691042602062,2.2846717834472656,161436.5,0.05583691596984863,0.014769691042602062,Causal-PINN,D:\科研工作\PINN研究组\MMS_算例对比\EJMB期刊投稿工作\重构的七模型训练代码\RBC算例\RBC\Causal-PINN\metrics\field_metrics.csv
RBC,1.0,u,Param-ANN-PINN,4.533394894679077e-05,0.006733049172908068,0.005878174677491188,0.8079656958580017,57091.41796875,0.015571411699056625,0.005878174677491188,Parameter-ANN-PINN,D:\科研工作\PINN研究组\MMS_算例对比\EJMB期刊投稿工作\重构的七模型训练代码\RBC算例\RBC\Parameter-ANN-PINN\metrics\field_metrics.csv
RBC,1.0,u,PirateNet,2.0277451767469756e-05,0.004503049422055483,0.003442061133682728,0.540365993976593,38182.63671875,0.01182592660188675,0.003442061133682728,PirateNet,D:\科研工作\PINN研究组\MMS_算例对比\EJMB期刊投稿工作\重构的七模型训练代码\RBC算例\RBC\PirateNet\metrics\field_metrics.csv
RBC,1.0,v,PINN,5.9385864005889744e-05,0.007706222590059042,0.006208012346178293,0.9247468113899231,65343.2421875,0.02000565268099308,0.006208012346178293,PINN,D:\科研工作\PINN研究组\MMS_算例对比\EJMB期刊投稿工作\重构的七模型训练代码\RBC算例\RBC\PINN\metrics\field_metrics.csv
RBC,1.0,v,ResAtten-PINN,5.679081368725747e-05,0.007535967975854874,0.006346818525344133,0.9043160676956177,63899.59375,0.017503591254353523,0.006346818525344133,ResAtten-PINN,D:\科研工作\PINN研究组\MMS_算例对比\EJMB期刊投稿工作\重构的七模型训练代码\RBC算例\RBC\ResAtten-PINN\metrics\field_metrics.csv
RBC,1.0,v,LSTM-PINN,6.289462180575356e-05,0.007930613122880459,0.006121270824223757,0.9516734480857849,67245.8984375,0.01994195394217968,0.006121270824223757,LSTM-PINN,D:\科研工作\PINN研究组\MMS_算例对比\EJMB期刊投稿工作\重构的七模型训练代码\RBC算例\RBC\LSTM-PINN\metrics\field_metrics.csv
RBC,1.0,v,DP-PINN,2.4586084691691212e-05,0.004958435893058777,0.003911715932190418,0.5950121283531189,42043.96484375,0.02054259181022644,0.003911715932190418,DP-PINN,D:\科研工作\PINN研究组\MMS_算例对比\EJMB期刊投稿工作\重构的七模型训练代码\RBC算例\RBC\DP-PINN\metrics\field_metrics.csv
RBC,1.0,v,Causal-PINN,0.0002985665632877499,0.01727907918393612,0.014097419567406178,2.073489189147949,146514.171875,0.039279136806726456,0.014097419567406178,Causal-PINN,D:\科研工作\PINN研究组\MMS_算例对比\EJMB期刊投稿工作\重构的七模型训练代码\RBC算例\RBC\Causal-PINN\metrics\field_metrics.csv
RBC,1.0,v,Param-ANN-PINN,1.9431228793109767e-05,0.004408086650073528,0.003746609902009368,0.5289704203605652,37377.41015625,0.010436656884849072,0.003746609902009368,Parameter-ANN-PINN,D:\科研工作\PINN研究组\MMS_算例对比\EJMB期刊投稿工作\重构的七模型训练代码\RBC算例\RBC\Parameter-ANN-PINN\metrics\field_metrics.csv
RBC,1.0,v,PirateNet,3.0816874641459435e-05,0.005551294889301062,0.004577988293021917,0.6661554574966431,47071.0,0.014381662011146545,0.004577988293021917,PirateNet,D:\科研工作\PINN研究组\MMS_算例对比\EJMB期刊投稿工作\重构的七模型训练代码\RBC算例\RBC\PirateNet\metrics\field_metrics.csv
RBC,1.0,p,PINN,7.169936907303054e-06,0.0026776737067848444,0.0021722407545894384,0.3213208317756653,0.05311088636517525,0.010608397424221039,0.0021722407545894384,PINN,D:\科研工作\PINN研究组\MMS_算例对比\EJMB期刊投稿工作\重构的七模型训练代码\RBC算例\RBC\PINN\metrics\field_metrics.csv
RBC,1.0,p,ResAtten-PINN,3.93067921322654e-06,0.001982593908905983,0.0017537992680445313,0.23791128396987915,0.03932418301701546,0.005334977991878986,0.0017537992680445313,ResAtten-PINN,D:\科研工作\PINN研究组\MMS_算例对比\EJMB期刊投稿工作\重构的七模型训练代码\RBC算例\RBC\ResAtten-PINN\metrics\field_metrics.csv
RBC,1.0,p,LSTM-PINN,1.078477089322405e-05,0.0032840175554156303,0.0026546455919742584,0.39408209919929504,0.06513754278421402,0.007770531810820103,0.0026546455919742584,LSTM-PINN,D:\科研工作\PINN研究组\MMS_算例对比\EJMB期刊投稿工作\重构的七模型训练代码\RBC算例\RBC\LSTM-PINN\metrics\field_metrics.csv
RBC,1.0,p,DP-PINN,6.948093869141303e-06,0.0026359236799180508,0.00207566493190825,0.3163108229637146,0.05228278785943985,0.009721092879772186,0.00207566493190825,DP-PINN,D:\科研工作\PINN研究组\MMS_算例对比\EJMB期刊投稿工作\重构的七模型训练代码\RBC算例\RBC\DP-PINN\metrics\field_metrics.csv
RBC,1.0,p,Causal-PINN,1.2318429980950896e-05,0.003509762231260538,0.00250710709951818,0.42117151618003845,0.06961513310670853,0.017345279455184937,0.00250710709951818,Causal-PINN,D:\科研工作\PINN研究组\MMS_算例对比\EJMB期刊投稿工作\重构的七模型训练代码\RBC算例\RBC\Causal-PINN\metrics\field_metrics.csv
RBC,1.0,p,Param-ANN-PINN,6.9710104071418755e-06,0.0026402671355754137,0.002224255120381713,0.316832035779953,0.05236893892288208,0.006782550364732742,0.002224255120381713,Parameter-ANN-PINN,D:\科研工作\PINN研究组\MMS_算例对比\EJMB期刊投稿工作\重构的七模型训练代码\RBC算例\RBC\Parameter-ANN-PINN\metrics\field_metrics.csv
RBC,1.0,p,PirateNet,1.3172259514249163e-06,0.0011477046646177769,0.0008760180789977312,0.13772454857826233,0.02276439033448696,0.0038945749402046204,0.0008760180789977312,PirateNet,D:\科研工作\PINN研究组\MMS_算例对比\EJMB期刊投稿工作\重构的七模型训练代码\RBC算例\RBC\PirateNet\metrics\field_metrics.csv
RBC,1.0,T,PINN,1.9769640857703052e-05,0.004446306265890598,0.0037605285178869963,0.5335566997528076,0.008967336267232895,0.012971162796020508,0.0037605285178869963,PINN,D:\科研工作\PINN研究组\MMS_算例对比\EJMB期刊投稿工作\重构的七模型训练代码\RBC算例\RBC\PINN\metrics\field_metrics.csv
RBC,1.0,T,ResAtten-PINN,1.6735884855734184e-06,0.0012936724815517664,0.0010371071984991431,0.1552407145500183,0.002609086688607931,0.007011545822024345,0.0010371071984991431,ResAtten-PINN,D:\科研工作\PINN研究组\MMS_算例对比\EJMB期刊投稿工作\重构的七模型训练代码\RBC算例\RBC\ResAtten-PINN\metrics\field_metrics.csv
RBC,1.0,T,LSTM-PINN,4.123251983401133e-06,0.0020305791404098272,0.00163474609144032,0.2436695545911789,0.004095285199582577,0.008867166936397552,0.00163474609144032,LSTM-PINN,D:\科研工作\PINN研究组\MMS_算例对比\EJMB期刊投稿工作\重构的七模型训练代码\RBC算例\RBC\LSTM-PINN\metrics\field_metrics.csv
RBC,1.0,T,DP-PINN,2.7655445592245087e-05,0.0052588446997106075,0.004130241461098194,0.631061315536499,0.0106060691177845,0.023474447429180145,0.004130241461098194,DP-PINN,D:\科研工作\PINN研究组\MMS_算例对比\EJMB期刊投稿工作\重构的七模型训练代码\RBC算例\RBC\DP-PINN\metrics\field_metrics.csv
RBC,1.0,T,Causal-PINN,2.606212547107134e-05,0.005105107557028532,0.004046290647238493,0.6126130223274231,0.01029601413756609,0.014461050741374493,0.004046290647238493,Causal-PINN,D:\科研工作\PINN研究组\MMS_算例对比\EJMB期刊投稿工作\重构的七模型训练代码\RBC算例\RBC\Causal-PINN\metrics\field_metrics.csv
RBC,1.0,T,Param-ANN-PINN,1.0314797691535205e-05,0.0032116658985614777,0.002652895636856556,0.38539987802505493,0.006477306596934795,0.007819563150405884,0.002652895636856556,Parameter-ANN-PINN,D:\科研工作\PINN研究组\MMS_算例对比\EJMB期刊投稿工作\重构的七模型训练代码\RBC算例\RBC\Parameter-ANN-PINN\metrics\field_metrics.csv
RBC,1.0,T,PirateNet,4.013108082290273e-06,0.002003274392336607,0.0016656889347359538,0.24039286375045776,0.004040214698761702,0.009320834651589394,0.0016656889347359538,PirateNet,D:\科研工作\PINN研究组\MMS_算例对比\EJMB期刊投稿工作\重构的七模型训练代码\RBC算例\RBC\PirateNet\metrics\field_metrics.csv
RBC,1.0,speed,PINN,0.00013455738371703774,0.011599887162446976,0.009740890003740788,1.391986608505249,69550.109375,0.025586161762475967,0.009740890003740788,PINN,D:\科研工作\PINN研究组\MMS_算例对比\EJMB期刊投稿工作\重构的七模型训练代码\RBC算例\RBC\PINN\metrics\field_metrics.csv
RBC,1.0,speed,ResAtten-PINN,0.00019726110622286797,0.014044967480003834,0.012729128822684288,1.6853961944580078,84210.21875,0.027630219236016273,0.012729128822684288,ResAtten-PINN,D:\科研工作\PINN研究组\MMS_算例对比\EJMB期刊投稿工作\重构的七模型训练代码\RBC算例\RBC\ResAtten-PINN\metrics\field_metrics.csv
RBC,1.0,speed,LSTM-PINN,9.414345549885184e-05,0.009702755138278008,0.00821120198816061,1.1643306016921997,58175.36328125,0.023148497566580772,0.00821120198816061,LSTM-PINN,D:\科研工作\PINN研究组\MMS_算例对比\EJMB期刊投稿工作\重构的七模型训练代码\RBC算例\RBC\LSTM-PINN\metrics\field_metrics.csv
RBC,1.0,speed,DP-PINN,7.381590694421902e-05,0.00859161838889122,0.007790702860802412,1.030994176864624,51513.25390625,0.024205278605222702,0.007790702860802412,DP-PINN,D:\科研工作\PINN研究组\MMS_算例对比\EJMB期刊投稿工作\重构的七模型训练代码\RBC算例\RBC\DP-PINN\metrics\field_metrics.csv
RBC,1.0,speed,Causal-PINN,0.000661035068333149,0.02571060322225094,0.02300722897052765,3.0852725505828857,154154.546875,0.0563933439552784,0.02300722897052765,Causal-PINN,D:\科研工作\PINN研究组\MMS_算例对比\EJMB期刊投稿工作\重构的七模型训练代码\RBC算例\RBC\Causal-PINN\metrics\field_metrics.csv
RBC,1.0,speed,Param-ANN-PINN,6.476249836850911e-05,0.008047515526413918,0.007368060294538736,0.9657018780708313,48250.94921875,0.016190672293305397,0.007368060294538736,Parameter-ANN-PINN,D:\科研工作\PINN研究组\MMS_算例对比\EJMB期刊投稿工作\重构的七模型训练代码\RBC算例\RBC\Parameter-ANN-PINN\metrics\field_metrics.csv
RBC,1.0,speed,PirateNet,5.1090624765492976e-05,0.007147770840674639,0.006483608856797218,0.8577322959899902,42856.2890625,0.014422333799302578,0.006483608856797218,PirateNet,D:\科研工作\PINN研究组\MMS_算例对比\EJMB期刊投稿工作\重构的七模型训练代码\RBC算例\RBC\PirateNet\metrics\field_metrics.csv
