case,field,model,MSE,RMSE,MAE,L2,RelL2,MaxAbsError,MeanAbsError,real_model_folder,source_file
Lid,u,PINN,1.323103106187773e-06,0.0011502621901930763,0.0008237158181145787,0.138031467795372,0.0784911078488094,0.0033376484643667936,0.0008237158181145787,PINN,D:\科研工作\PINN研究组\MMS_算例对比\EJMB期刊投稿工作\重构的七模型训练代码\Lid算例\Lid\PINN\metrics\field_metrics.csv
Lid,u,ResAtten-PINN,2.2165383484207268e-07,0.00047080126894696525,0.0004204007564112544,0.05649615079164505,0.032126337100200644,0.0009245977271348238,0.0004204007564112544,ResAtten-PINN,D:\科研工作\PINN研究组\MMS_算例对比\EJMB期刊投稿工作\重构的七模型训练代码\Lid算例\Lid\ResAtten-PINN\metrics\field_metrics.csv
Lid,u,LSTM-PINN,1.3986678482069692e-08,0.00011826528857644449,9.776164370123297e-05,0.014191834256052971,0.008070136548976333,0.0002724453806877136,9.776164370123297e-05,LSTM-PINN,D:\科研工作\PINN研究组\MMS_算例对比\EJMB期刊投稿工作\重构的七模型训练代码\Lid算例\Lid\LSTM-PINN\metrics\field_metrics.csv
Lid,u,DP-PINN,1.630921815376496e-07,0.00040384673025499365,0.0003215717733837664,0.04846160486340523,0.02755752086545197,0.0012339651584625244,0.0003215717733837664,DP-PINN,D:\科研工作\PINN研究组\MMS_算例对比\EJMB期刊投稿工作\重构的七模型训练代码\Lid算例\Lid\DP-PINN\metrics\field_metrics.csv
Lid,u,Causal-PINN,3.788280810113065e-05,0.006154901144708227,0.005255322903394699,0.7385880351066589,0.4199954839670315,0.013753160834312439,0.005255322903394699,Causal-PINN,D:\科研工作\PINN研究组\MMS_算例对比\EJMB期刊投稿工作\重构的七模型训练代码\Lid算例\Lid\Causal-PINN\metrics\field_metrics.csv
Lid,u,Param-ANN-PINN,1.3554240752000624e-07,0.00036816084463180793,0.00028598622884601355,0.04417930170893669,0.025122404264091333,0.0012999773025512695,0.00028598622884601355,Parameter-ANN-PINN,D:\科研工作\PINN研究组\MMS_算例对比\EJMB期刊投稿工作\重构的七模型训练代码\Lid算例\Lid\Parameter-ANN-PINN\metrics\field_metrics.csv
Lid,u,PirateNet,2.2165383484207268e-07,0.00047080126894696525,0.0004204007564112544,0.05649615079164505,0.032126337100200644,0.0009245977271348238,0.0004204007564112544,PirateNet,D:\科研工作\PINN研究组\MMS_算例对比\EJMB期刊投稿工作\重构的七模型训练代码\Lid算例\Lid\PirateNet\metrics\field_metrics.csv
Lid,v,PINN,9.496982329437742e-07,0.0009745246189521198,0.0007548888679593801,0.11694294959306717,0.07296279965761289,0.0024651624262332916,0.0007548888679593801,PINN,D:\科研工作\PINN研究组\MMS_算例对比\EJMB期刊投稿工作\重构的七模型训练代码\Lid算例\Lid\PINN\metrics\field_metrics.csv
Lid,v,ResAtten-PINN,1.4794395042372344e-07,0.000384634827367106,0.0003035152330994606,0.046156179159879684,0.028797666423857997,0.0010290537029504776,0.0003035152330994606,ResAtten-PINN,D:\科研工作\PINN研究组\MMS_算例对比\EJMB期刊投稿工作\重构的七模型训练代码\Lid算例\Lid\ResAtten-PINN\metrics\field_metrics.csv
Lid,v,LSTM-PINN,5.997696916892892e-08,0.00024490195827908136,0.00019835149578284472,0.02938823588192463,0.01833584644824673,0.0007442561909556389,0.00019835149578284472,LSTM-PINN,D:\科研工作\PINN研究组\MMS_算例对比\EJMB期刊投稿工作\重构的七模型训练代码\Lid算例\Lid\LSTM-PINN\metrics\field_metrics.csv
Lid,v,DP-PINN,2.3730125064957974e-07,0.0004871357620310582,0.0003874056856147945,0.058456290513277054,0.036471926082667444,0.001165539026260376,0.0003874056856147945,DP-PINN,D:\科研工作\PINN研究组\MMS_算例对比\EJMB期刊投稿工作\重构的七模型训练代码\Lid算例\Lid\DP-PINN\metrics\field_metrics.csv
Lid,v,Causal-PINN,1.8014576198766008e-05,0.004244358160990423,0.003569421824067831,0.5093229413032532,0.3177757005159247,0.00900171883404255,0.003569421824067831,Causal-PINN,D:\科研工作\PINN研究组\MMS_算例对比\EJMB期刊投稿工作\重构的七模型训练代码\Lid算例\Lid\Causal-PINN\metrics\field_metrics.csv
Lid,v,Param-ANN-PINN,4.38611635900088e-07,0.0006622776124104513,0.0005705280345864594,0.07947331666946411,0.049584824929231136,0.0017224419862031937,0.0005705280345864594,Parameter-ANN-PINN,D:\科研工作\PINN研究组\MMS_算例对比\EJMB期刊投稿工作\重构的七模型训练代码\Lid算例\Lid\Parameter-ANN-PINN\metrics\field_metrics.csv
Lid,v,PirateNet,1.4794395042372344e-07,0.000384634827367106,0.0003035152330994606,0.046156179159879684,0.028797666423857997,0.0010290537029504776,0.0003035152330994606,PirateNet,D:\科研工作\PINN研究组\MMS_算例对比\EJMB期刊投稿工作\重构的七模型训练代码\Lid算例\Lid\PirateNet\metrics\field_metrics.csv
Lid,p,PINN,1.0502173608983867e-05,0.003240705726995876,0.0030500544235110283,0.38888469338417053,0.006535877199733848,0.0074600279331207275,0.0030500544235110283,PINN,D:\科研工作\PINN研究组\MMS_算例对比\EJMB期刊投稿工作\重构的七模型训练代码\Lid算例\Lid\PINN\metrics\field_metrics.csv
Lid,p,ResAtten-PINN,4.17744786318508e-06,0.002043880589267651,0.0017567399190738797,0.2452656775712967,0.00412211222808895,0.004084717482328415,0.0017567399190738797,ResAtten-PINN,D:\科研工作\PINN研究组\MMS_算例对比\EJMB期刊投稿工作\重构的七模型训练代码\Lid算例\Lid\ResAtten-PINN\metrics\field_metrics.csv
Lid,p,LSTM-PINN,4.133163656661054e-06,0.00203301836112246,0.0017839254578575492,0.24396219849586487,0.004100205016737156,0.00322878360748291,0.0017839254578575492,LSTM-PINN,D:\科研工作\PINN研究组\MMS_算例对比\EJMB期刊投稿工作\重构的七模型训练代码\Lid算例\Lid\LSTM-PINN\metrics\field_metrics.csv
Lid,p,DP-PINN,5.922797896573684e-08,0.00024336799084049004,0.00021540846501011401,0.02920416370034218,0.0004908262806780115,0.0009107664227485657,0.00021540846501011401,DP-PINN,D:\科研工作\PINN研究组\MMS_算例对比\EJMB期刊投稿工作\重构的七模型训练代码\Lid算例\Lid\DP-PINN\metrics\field_metrics.csv
Lid,p,Causal-PINN,3.439275315031409e-05,0.005864533498098045,0.00476167444139719,0.703744113445282,0.011827632158744036,0.015372304245829582,0.00476167444139719,Causal-PINN,D:\科研工作\PINN研究组\MMS_算例对比\EJMB期刊投稿工作\重构的七模型训练代码\Lid算例\Lid\Causal-PINN\metrics\field_metrics.csv
Lid,p,Param-ANN-PINN,4.104978415853111e-06,0.002026074632350228,0.001735031371936202,0.2431289553642273,0.004086200930491146,0.004522440489381552,0.001735031371936202,Parameter-ANN-PINN,D:\科研工作\PINN研究组\MMS_算例对比\EJMB期刊投稿工作\重构的七模型训练代码\Lid算例\Lid\Parameter-ANN-PINN\metrics\field_metrics.csv
Lid,p,PirateNet,4.17744786318508e-06,0.002043880589267651,0.0017567399190738797,0.2452656775712967,0.00412211222808895,0.004084717482328415,0.0017567399190738797,PirateNet,D:\科研工作\PINN研究组\MMS_算例对比\EJMB期刊投稿工作\重构的七模型训练代码\Lid算例\Lid\PirateNet\metrics\field_metrics.csv
Lid,speed,PINN,1.4007088111611665e-06,0.001183515446101641,0.0009717164211906493,0.14202184975147247,0.05968870918963597,0.003277245443314314,0.0009717164211906493,PINN,D:\科研工作\PINN研究组\MMS_算例对比\EJMB期刊投稿工作\重构的七模型训练代码\Lid算例\Lid\PINN\metrics\field_metrics.csv
Lid,speed,ResAtten-PINN,2.50707387294824e-07,0.0005007068876047383,0.0004265473398845643,0.06008482724428177,0.025252352270931238,0.0012841131538152695,0.0004265473398845643,ResAtten-PINN,D:\科研工作\PINN研究组\MMS_算例对比\EJMB期刊投稿工作\重构的七模型训练代码\Lid算例\Lid\ResAtten-PINN\metrics\field_metrics.csv
Lid,speed,LSTM-PINN,5.014786452761655e-08,0.00022393718879993235,0.00017824587121140212,0.026872463524341583,0.011293914727349162,0.0007374333217740059,0.00017824587121140212,LSTM-PINN,D:\科研工作\PINN研究组\MMS_算例对比\EJMB期刊投稿工作\重构的七模型训练代码\Lid算例\Lid\LSTM-PINN\metrics\field_metrics.csv
Lid,speed,DP-PINN,2.576704503098881e-07,0.000507612500151334,0.0004184093850199133,0.06091350317001343,0.02560062682467072,0.0014098756946623325,0.0004184093850199133,DP-PINN,D:\科研工作\PINN研究组\MMS_算例对比\EJMB期刊投稿工作\重构的七模型训练代码\Lid算例\Lid\DP-PINN\metrics\field_metrics.csv
Lid,speed,Causal-PINN,3.535441283020191e-05,0.005945957688228357,0.0050131152383983135,0.7135149240493774,0.29987487755282477,0.013842545449733734,0.0050131152383983135,Causal-PINN,D:\科研工作\PINN研究组\MMS_算例对比\EJMB期刊投稿工作\重构的七模型训练代码\Lid算例\Lid\Causal-PINN\metrics\field_metrics.csv
Lid,speed,Param-ANN-PINN,2.400447840500419e-07,0.0004899436539542501,0.00039433245547115803,0.05879323557019234,0.024709524248613637,0.001319829374551773,0.00039433245547115803,Parameter-ANN-PINN,D:\科研工作\PINN研究组\MMS_算例对比\EJMB期刊投稿工作\重构的七模型训练代码\Lid算例\Lid\Parameter-ANN-PINN\metrics\field_metrics.csv
Lid,speed,PirateNet,2.50707387294824e-07,0.0005007068876047383,0.0004265473398845643,0.06008482724428177,0.025252352270931238,0.0012841131538152695,0.0004265473398845643,PirateNet,D:\科研工作\PINN研究组\MMS_算例对比\EJMB期刊投稿工作\重构的七模型训练代码\Lid算例\Lid\PirateNet\metrics\field_metrics.csv
TGV,u,PINN,0.00021776989160571247,0.014757028549329044,0.013449408113956451,1.1805622577667236,0.02951636184695672,0.03814494609832764,0.013449408113956451,PINN,D:\科研工作\PINN研究组\MMS_算例对比\EJMB期刊投稿工作\重构的七模型训练代码\TGV算例\TGV\PINN\metrics\field_metrics.csv
TGV,u,PINN,0.00018537798314355314,0.01361535835531159,0.011110649444162846,1.089228630065918,0.33176394005088616,0.03305080160498619,0.011110649444162846,PINN,D:\科研工作\PINN研究组\MMS_算例对比\EJMB期刊投稿工作\重构的七模型训练代码\TGV算例\TGV\PINN\metrics\field_metrics.csv
TGV,u,PINN,0.00010221502452623099,0.010110144634288424,0.00820971094071865,0.808811604976654,3.001191553988709,0.025158924981951714,0.00820971094071865,PINN,D:\科研工作\PINN研究组\MMS_算例对比\EJMB期刊投稿工作\重构的七模型训练代码\TGV算例\TGV\PINN\metrics\field_metrics.csv
TGV,u,ResAtten-PINN,6.477464194176719e-05,0.008048269499822132,0.00733675854280591,0.6438615918159485,0.01609779712875788,0.012966275215148926,0.00733675854280591,ResAtten-PINN,D:\科研工作\PINN研究组\MMS_算例对比\EJMB期刊投稿工作\重构的七模型训练代码\TGV算例\TGV\ResAtten-PINN\metrics\field_metrics.csv
TGV,u,ResAtten-PINN,2.334557029826101e-05,0.00483172539557672,0.00436769612133503,0.386538028717041,0.11773412472540988,0.010584584437310696,0.00436769612133503,ResAtten-PINN,D:\科研工作\PINN研究组\MMS_算例对比\EJMB期刊投稿工作\重构的七模型训练代码\TGV算例\TGV\ResAtten-PINN\metrics\field_metrics.csv
TGV,u,ResAtten-PINN,8.780230928095989e-06,0.0029631454449783575,0.0024767504073679447,0.23705163598060608,0.8796082590639092,0.0068143149837851524,0.0024767504073679447,ResAtten-PINN,D:\科研工作\PINN研究组\MMS_算例对比\EJMB期刊投稿工作\重构的七模型训练代码\TGV算例\TGV\ResAtten-PINN\metrics\field_metrics.csv
TGV,u,LSTM-PINN,3.132672873107367e-06,0.0017699358386979362,0.0013344456674531102,0.14159487187862396,0.0035401483035287533,0.007376492023468018,0.0013344456674531102,LSTM-PINN,D:\科研工作\PINN研究组\MMS_算例对比\EJMB期刊投稿工作\重构的七模型训练代码\TGV算例\TGV\LSTM-PINN\metrics\field_metrics.csv
TGV,u,LSTM-PINN,5.376311946747592e-07,0.0007332333834972049,0.0005966891185380518,0.058658670634031296,0.01786661785277872,0.002082447987049818,0.0005966891185380518,LSTM-PINN,D:\科研工作\PINN研究组\MMS_算例对比\EJMB期刊投稿工作\重构的七模型训练代码\TGV算例\TGV\LSTM-PINN\metrics\field_metrics.csv
TGV,u,LSTM-PINN,1.4830106920271646e-06,0.0012177892642108341,0.0009706050041131675,0.09742314368486404,0.36150014934377944,0.003944570664316416,0.0009706050041131675,LSTM-PINN,D:\科研工作\PINN研究组\MMS_算例对比\EJMB期刊投稿工作\重构的七模型训练代码\TGV算例\TGV\LSTM-PINN\metrics\field_metrics.csv
TGV,u,DP-PINN,2.8490170734585263e-05,0.005337618451574191,0.0044935401529073715,0.4270094633102417,0.010676070447129574,0.03370978310704231,0.0044935401529073715,DP-PINN,D:\科研工作\PINN研究组\MMS_算例对比\EJMB期刊投稿工作\重构的七模型训练代码\TGV算例\TGV\DP-PINN\metrics\field_metrics.csv
TGV,u,DP-PINN,0.00012146936933277175,0.011021314319661324,0.009093306958675385,0.8817051649093628,0.2685551695935902,0.02667132206261158,0.009093306958675385,DP-PINN,D:\科研工作\PINN研究组\MMS_算例对比\EJMB期刊投稿工作\重构的七模型训练代码\TGV算例\TGV\DP-PINN\metrics\field_metrics.csv
TGV,u,DP-PINN,0.00010663717694114894,0.010326527825999838,0.008331293240189552,0.8261222243309021,3.065424663751992,0.02400987595319748,0.008331293240189552,DP-PINN,D:\科研工作\PINN研究组\MMS_算例对比\EJMB期刊投稿工作\重构的七模型训练代码\TGV算例\TGV\DP-PINN\metrics\field_metrics.csv
TGV,u,Causal-PINN,6.95029812050052e-05,0.00833684479914345,0.0069205258041620255,0.666947603225708,0.01667499249638082,0.036156680434942245,0.0069205258041620255,Causal-PINN,D:\科研工作\PINN研究组\MMS_算例对比\EJMB期刊投稿工作\重构的七模型训练代码\TGV算例\TGV\Causal-PINN\metrics\field_metrics.csv
TGV,u,Causal-PINN,0.0001029696868499741,0.010147398033484944,0.008519445545971394,0.8117918372154236,0.24726053923081112,0.02267502434551716,0.008519445545971394,Causal-PINN,D:\科研工作\PINN研究组\MMS_算例对比\EJMB期刊投稿工作\重构的七模型训练代码\TGV算例\TGV\Causal-PINN\metrics\field_metrics.csv
TGV,u,Causal-PINN,6.889546784805134e-05,0.00830032938190114,0.006808411329984665,0.6640263199806213,2.4639485522831586,0.02192917838692665,0.006808411329984665,Causal-PINN,D:\科研工作\PINN研究组\MMS_算例对比\EJMB期刊投稿工作\重构的七模型训练代码\TGV算例\TGV\Causal-PINN\metrics\field_metrics.csv
TGV,u,Param-ANN-PINN,5.3962558013154194e-05,0.007345921182067923,0.006403157487511635,0.5876736640930176,0.01469298921186072,0.022183120250701904,0.006403157487511635,Parameter-ANN-PINN,D:\科研工作\PINN研究组\MMS_算例对比\EJMB期刊投稿工作\重构的七模型训练代码\TGV算例\TGV\Parameter-ANN-PINN\metrics\field_metrics.csv
TGV,u,Param-ANN-PINN,4.538401844911277e-05,0.006736766171473727,0.005602369084954262,0.5389413237571716,0.16415405553111365,0.015581462532281876,0.005602369084954262,Parameter-ANN-PINN,D:\科研工作\PINN研究组\MMS_算例对比\EJMB期刊投稿工作\重构的七模型训练代码\TGV算例\TGV\Parameter-ANN-PINN\metrics\field_metrics.csv
TGV,u,Param-ANN-PINN,2.9936512873973697e-05,0.005471426950437491,0.004775915294885635,0.437714159488678,1.6241903929612944,0.010503435507416725,0.004775915294885635,Parameter-ANN-PINN,D:\科研工作\PINN研究组\MMS_算例对比\EJMB期刊投稿工作\重构的七模型训练代码\TGV算例\TGV\Parameter-ANN-PINN\metrics\field_metrics.csv
TGV,u,PirateNet,1.6351070371456444e-05,0.004043645678278012,0.0026554488576948643,0.3234916627407074,0.008087923283259094,0.016231529414653778,0.0026554488576948643,PirateNet,D:\科研工作\PINN研究组\MMS_算例对比\EJMB期刊投稿工作\重构的七模型训练代码\TGV算例\TGV\PirateNet\metrics\field_metrics.csv
TGV,u,PirateNet,5.160200998943765e-06,0.002271607580314823,0.0018188023241236806,0.18172860145568848,0.0553520125845643,0.006412642542272806,0.0018188023241236806,PirateNet,D:\科研工作\PINN研究组\MMS_算例对比\EJMB期刊投稿工作\重构的七模型训练代码\TGV算例\TGV\PirateNet\metrics\field_metrics.csv
TGV,u,PirateNet,4.2145779843849596e-06,0.0020529437362930723,0.0016995480982586741,0.16423550248146057,0.6094153445370983,0.005514950957149267,0.0016995480982586741,PirateNet,D:\科研工作\PINN研究组\MMS_算例对比\EJMB期刊投稿工作\重构的七模型训练代码\TGV算例\TGV\PirateNet\metrics\field_metrics.csv
TGV,v,PINN,7.713153172517195e-05,0.008782455905108318,0.007692995015531778,0.7025964856147766,0.017566284171269576,0.042210888117551804,0.007692995015531778,PINN,D:\科研工作\PINN研究组\MMS_算例对比\EJMB期刊投稿工作\重构的七模型训练代码\TGV算例\TGV\PINN\metrics\field_metrics.csv
TGV,v,PINN,6.067285721655935e-05,0.0077892783501784905,0.006566094234585762,0.6231422424316406,0.18980048802862842,0.019286558032035828,0.006566094234585762,PINN,D:\科研工作\PINN研究组\MMS_算例对比\EJMB期刊投稿工作\重构的七模型训练代码\TGV算例\TGV\PINN\metrics\field_metrics.csv
TGV,v,PINN,2.9118496968294494e-05,0.005396155758342645,0.004407950676977634,0.4316924512386322,1.6018461290691572,0.014109522104263306,0.004407950676977634,PINN,D:\科研工作\PINN研究组\MMS_算例对比\EJMB期刊投稿工作\重构的七模型训练代码\TGV算例\TGV\PINN\metrics\field_metrics.csv
TGV,v,ResAtten-PINN,3.1622919323126553e-06,0.0017782834229426578,0.0014519498217850924,0.14226266741752625,0.003556844496072898,0.008817248046398163,0.0014519498217850924,ResAtten-PINN,D:\科研工作\PINN研究组\MMS_算例对比\EJMB期刊投稿工作\重构的七模型训练代码\TGV算例\TGV\ResAtten-PINN\metrics\field_metrics.csv
TGV,v,ResAtten-PINN,2.6298514512745896e-06,0.0016216816738418762,0.00128097552806139,0.12973453104496002,0.03951533956422462,0.005245216190814972,0.00128097552806139,ResAtten-PINN,D:\科研工作\PINN研究组\MMS_算例对比\EJMB期刊投稿工作\重构的七模型训练代码\TGV算例\TGV\ResAtten-PINN\metrics\field_metrics.csv
TGV,v,ResAtten-PINN,2.948705287053599e-06,0.0017171794568575525,0.0014352030120790005,0.13737435638904572,0.5097438706277456,0.004276035353541374,0.0014352030120790005,ResAtten-PINN,D:\科研工作\PINN研究组\MMS_算例对比\EJMB期刊投稿工作\重构的七模型训练代码\TGV算例\TGV\ResAtten-PINN\metrics\field_metrics.csv
TGV,v,LSTM-PINN,3.6425888083613245e-06,0.0019085567343836872,0.0015520015731453896,0.1526845395565033,0.0038174116513864024,0.006634039338678122,0.0015520015731453896,LSTM-PINN,D:\科研工作\PINN研究组\MMS_算例对比\EJMB期刊投稿工作\重构的七模型训练代码\TGV算例\TGV\LSTM-PINN\metrics\field_metrics.csv
TGV,v,LSTM-PINN,6.343006475617585e-07,0.0007964299388908974,0.0006556804291903973,0.0637143924832344,0.019406520637368092,0.002411207649856806,0.0006556804291903973,LSTM-PINN,D:\科研工作\PINN研究组\MMS_算例对比\EJMB期刊投稿工作\重构的七模型训练代码\TGV算例\TGV\LSTM-PINN\metrics\field_metrics.csv
TGV,v,LSTM-PINN,1.1432872497607605e-06,0.001069246112810685,0.000851619930472225,0.08553969115018845,0.31740518685826524,0.003097525332123041,0.000851619930472225,LSTM-PINN,D:\科研工作\PINN研究组\MMS_算例对比\EJMB期刊投稿工作\重构的七模型训练代码\TGV算例\TGV\LSTM-PINN\metrics\field_metrics.csv
TGV,v,DP-PINN,5.388896897784434e-05,0.007340910636824585,0.006433095317333937,0.5872728228569031,0.014682967398194816,0.021320275962352753,0.006433095317333937,DP-PINN,D:\科研工作\PINN研究组\MMS_算例对比\EJMB期刊投稿工作\重构的七模型训练代码\TGV算例\TGV\DP-PINN\metrics\field_metrics.csv
TGV,v,DP-PINN,0.0001212811766890809,0.011012773342309415,0.008872082456946373,0.8810218572616577,0.2683470435572265,0.03206927701830864,0.008872082456946373,DP-PINN,D:\科研工作\PINN研究组\MMS_算例对比\EJMB期刊投稿工作\重构的七模型训练代码\TGV算例\TGV\DP-PINN\metrics\field_metrics.csv
TGV,v,DP-PINN,9.194748417939991e-05,0.009588925079454939,0.007603492122143507,0.767113983631134,2.8464675759528024,0.030442113056778908,0.007603492122143507,DP-PINN,D:\科研工作\PINN研究组\MMS_算例对比\EJMB期刊投稿工作\重构的七模型训练代码\TGV算例\TGV\DP-PINN\metrics\field_metrics.csv
TGV,v,Causal-PINN,0.0002616114798001945,0.016174408174650302,0.014308549463748932,1.2939525842666626,0.03235134143816274,0.05405176058411598,0.014308549463748932,Causal-PINN,D:\科研工作\PINN研究组\MMS_算例对比\EJMB期刊投稿工作\重构的七模型训练代码\TGV算例\TGV\Causal-PINN\metrics\field_metrics.csv
TGV,v,Causal-PINN,0.00013903496437706053,0.011791308849193143,0.009616118855774403,0.943304717540741,0.2873175393314488,0.0258389450609684,0.009616118855774403,Causal-PINN,D:\科研工作\PINN研究组\MMS_算例对比\EJMB期刊投稿工作\重构的七模型训练代码\TGV算例\TGV\Causal-PINN\metrics\field_metrics.csv
TGV,v,Causal-PINN,5.19598979735747e-05,0.007208321439390359,0.005858211312443018,0.5766656994819641,2.1397865907354494,0.017297964543104172,0.005858211312443018,Causal-PINN,D:\科研工作\PINN研究组\MMS_算例对比\EJMB期刊投稿工作\重构的七模型训练代码\TGV算例\TGV\Causal-PINN\metrics\field_metrics.csv
TGV,v,Param-ANN-PINN,5.2772298658965155e-05,0.007264454463961155,0.005771941971033812,0.5811563730239868,0.014530044208164469,0.02440205216407776,0.005771941971033812,Parameter-ANN-PINN,D:\科研工作\PINN研究组\MMS_算例对比\EJMB期刊投稿工作\重构的七模型训练代码\TGV算例\TGV\Parameter-ANN-PINN\metrics\field_metrics.csv
TGV,v,Param-ANN-PINN,2.5858138542389497e-05,0.005085089826383551,0.004135177005082369,0.40680718421936035,0.12390782848726069,0.011875941418111324,0.004135177005082369,Parameter-ANN-PINN,D:\科研工作\PINN研究组\MMS_算例对比\EJMB期刊投稿工作\重构的七模型训练代码\TGV算例\TGV\Parameter-ANN-PINN\metrics\field_metrics.csv
TGV,v,Param-ANN-PINN,8.9224377006758e-06,0.0029870449780135216,0.0024728230200707912,0.23896358907222748,0.8867027881667184,0.007328193634748459,0.0024728230200707912,Parameter-ANN-PINN,D:\科研工作\PINN研究组\MMS_算例对比\EJMB期刊投稿工作\重构的七模型训练代码\TGV算例\TGV\Parameter-ANN-PINN\metrics\field_metrics.csv
TGV,v,PirateNet,1.6256773960776627e-05,0.004031968993032638,0.0031311518978327513,0.3225575387477875,0.008064568359278119,0.014962028712034225,0.0031311518978327513,PirateNet,D:\科研工作\PINN研究组\MMS_算例对比\EJMB期刊投稿工作\重构的七模型训练代码\TGV算例\TGV\PirateNet\metrics\field_metrics.csv
TGV,v,PirateNet,3.7545669329119846e-06,0.0019376704913147604,0.0015588030219078064,0.15501363575458527,0.04721500439851808,0.006287187337875366,0.0015588030219078064,PirateNet,D:\科研工作\PINN研究组\MMS_算例对比\EJMB期刊投稿工作\重构的七模型训练代码\TGV算例\TGV\PirateNet\metrics\field_metrics.csv
TGV,v,PirateNet,3.7500485632335767e-06,0.0019365042120361052,0.0015323355328291655,0.15492033958435059,0.5748503258865036,0.005133606493473053,0.0015323355328291655,PirateNet,D:\科研工作\PINN研究组\MMS_算例对比\EJMB期刊投稿工作\重构的七模型训练代码\TGV算例\TGV\PirateNet\metrics\field_metrics.csv
TGV,p,PINN,1.5789386452524923e-05,0.003973586094766907,0.0031060015317052603,0.3178868889808655,0.015793488830984134,0.01939871907234192,0.0031060015317052603,PINN,D:\科研工作\PINN研究组\MMS_算例对比\EJMB期刊投稿工作\重构的七模型训练代码\TGV算例\TGV\PINN\metrics\field_metrics.csv
TGV,p,PINN,0.003003298304975033,0.05480235674653995,0.05474931746721268,4.384188652038574,32.32712442007611,0.05982187017798424,0.05474931746721268,PINN,D:\科研工作\PINN研究组\MMS_算例对比\EJMB期刊投稿工作\重构的七模型训练代码\TGV算例\TGV\PINN\metrics\field_metrics.csv
TGV,p,PINN,0.005660084541887045,0.07523353336037757,0.07521750777959824,6.018682479858398,6586.454587705886,0.07825534790754318,0.07521750777959824,PINN,D:\科研工作\PINN研究组\MMS_算例对比\EJMB期刊投稿工作\重构的七模型训练代码\TGV算例\TGV\PINN\metrics\field_metrics.csv
TGV,p,ResAtten-PINN,1.3547226444643456e-05,0.0036806557085176353,0.003187991911545396,0.2944524586200714,0.014629202328479293,0.011344730854034424,0.003187991911545396,ResAtten-PINN,D:\科研工作\PINN研究组\MMS_算例对比\EJMB期刊投稿工作\重构的七模型训练代码\TGV算例\TGV\ResAtten-PINN\metrics\field_metrics.csv
TGV,p,ResAtten-PINN,0.008662841282784939,0.09307438575024247,0.09306807816028595,7.445950984954834,54.90324505185215,0.09553220123052597,0.09306807816028595,ResAtten-PINN,D:\科研工作\PINN研究组\MMS_算例对比\EJMB期刊投稿工作\重构的七模型训练代码\TGV算例\TGV\ResAtten-PINN\metrics\field_metrics.csv
TGV,p,ResAtten-PINN,0.026689356192946434,0.16336877361646085,0.16334621608257294,13.069501876831055,14302.412676488266,0.1708603948354721,0.16334621608257294,ResAtten-PINN,D:\科研工作\PINN研究组\MMS_算例对比\EJMB期刊投稿工作\重构的七模型训练代码\TGV算例\TGV\ResAtten-PINN\metrics\field_metrics.csv
TGV,p,LSTM-PINN,2.949540430563502e-06,0.0017174226126855038,0.0013168833684176207,0.13739381730556488,0.0068261000823859955,0.007363509386777878,0.0013168833684176207,LSTM-PINN,D:\科研工作\PINN研究组\MMS_算例对比\EJMB期刊投稿工作\重构的七模型训练代码\TGV算例\TGV\LSTM-PINN\metrics\field_metrics.csv
TGV,p,LSTM-PINN,0.0020303260535001755,0.0450591395113153,0.045051898807287216,3.604731321334839,26.579740785459112,0.04697803035378456,0.045051898807287216,LSTM-PINN,D:\科研工作\PINN研究组\MMS_算例对比\EJMB期刊投稿工作\重构的七模型训练代码\TGV算例\TGV\LSTM-PINN\metrics\field_metrics.csv
TGV,p,LSTM-PINN,8.655394594825339e-06,0.0029420051996598066,0.002368111861869693,0.23536041378974915,257.5631265409968,0.008482092060148716,0.002368111861869693,LSTM-PINN,D:\科研工作\PINN研究组\MMS_算例对比\EJMB期刊投稿工作\重构的七模型训练代码\TGV算例\TGV\LSTM-PINN\metrics\field_metrics.csv
TGV,p,DP-PINN,2.1032099539297633e-05,0.004586076704471659,0.0036325042601674795,0.3668861389160156,0.018227905390466634,0.021703988313674927,0.0036325042601674795,DP-PINN,D:\科研工作\PINN研究组\MMS_算例对比\EJMB期刊投稿工作\重构的七模型训练代码\TGV算例\TGV\DP-PINN\metrics\field_metrics.csv
TGV,p,DP-PINN,0.01667611300945282,0.12913602521935086,0.12904049456119537,10.33088207244873,76.17548801644165,0.14023379981517792,0.12904049456119537,DP-PINN,D:\科研工作\PINN研究组\MMS_算例对比\EJMB期刊投稿工作\重构的七模型训练代码\TGV算例\TGV\DP-PINN\metrics\field_metrics.csv
TGV,p,DP-PINN,0.08465215563774109,0.2909504350189927,0.2909044027328491,23.27603530883789,25471.77892446427,0.3013137876987457,0.2909044027328491,DP-PINN,D:\科研工作\PINN研究组\MMS_算例对比\EJMB期刊投稿工作\重构的七模型训练代码\TGV算例\TGV\DP-PINN\metrics\field_metrics.csv
TGV,p,Causal-PINN,5.119893830851652e-05,0.007155343339666973,0.0055594490841031075,0.5724274516105652,0.02843975916258803,0.028674662113189697,0.0055594490841031075,Causal-PINN,D:\科研工作\PINN研究组\MMS_算例对比\EJMB期刊投稿工作\重构的七模型训练代码\TGV算例\TGV\Causal-PINN\metrics\field_metrics.csv
TGV,p,Causal-PINN,0.07133390754461288,0.26708408328579386,0.2670600116252899,21.36672592163086,157.5490614431135,0.27396732568740845,0.2670600116252899,Causal-PINN,D:\科研工作\PINN研究组\MMS_算例对比\EJMB期刊投稿工作\重构的七模型训练代码\TGV算例\TGV\Causal-PINN\metrics\field_metrics.csv
TGV,p,Causal-PINN,0.06868138164281845,0.26207132930333765,0.26206547021865845,20.96570587158203,22943.504676395976,0.2655566334724426,0.26206547021865845,Causal-PINN,D:\科研工作\PINN研究组\MMS_算例对比\EJMB期刊投稿工作\重构的七模型训练代码\TGV算例\TGV\Causal-PINN\metrics\field_metrics.csv
TGV,p,Param-ANN-PINN,1.4884606571285985e-05,0.0038580573571793857,0.002833804814144969,0.3086445927619934,0.015334306313034523,0.013195157051086426,0.002833804814144969,Parameter-ANN-PINN,D:\科研工作\PINN研究组\MMS_算例对比\EJMB期刊投稿工作\重构的七模型训练代码\TGV算例\TGV\Parameter-ANN-PINN\metrics\field_metrics.csv
TGV,p,Param-ANN-PINN,0.015932651236653328,0.12622460630421206,0.12622098624706268,10.097968101501465,74.45808041481274,0.1285979300737381,0.12622098624706268,Parameter-ANN-PINN,D:\科研工作\PINN研究组\MMS_算例对比\EJMB期刊投稿工作\重构的七模型训练代码\TGV算例\TGV\Parameter-ANN-PINN\metrics\field_metrics.csv
TGV,p,Param-ANN-PINN,0.018631938844919205,0.13649886023304078,0.13649754226207733,10.91990852355957,11950.037542771268,0.13748683035373688,0.13649754226207733,Parameter-ANN-PINN,D:\科研工作\PINN研究组\MMS_算例对比\EJMB期刊投稿工作\重构的七模型训练代码\TGV算例\TGV\Parameter-ANN-PINN\metrics\field_metrics.csv
TGV,p,PirateNet,1.2368580428301357e-05,0.003516899263314398,0.0029585801530629396,0.2813519537448883,0.013978333467263342,0.010663449764251709,0.0029585801530629396,PirateNet,D:\科研工作\PINN研究组\MMS_算例对比\EJMB期刊投稿工作\重构的七模型训练代码\TGV算例\TGV\PirateNet\metrics\field_metrics.csv
TGV,p,PirateNet,0.05315617471933365,0.2305562289753492,0.23055137693881989,18.44449806213379,136.00180809810772,0.23364673554897308,0.23055137693881989,PirateNet,D:\科研工作\PINN研究组\MMS_算例对比\EJMB期刊投稿工作\重构的七模型训练代码\TGV算例\TGV\PirateNet\metrics\field_metrics.csv
TGV,p,PirateNet,0.07898417115211487,0.28104122678374943,0.28102168440818787,22.483299255371094,24604.260155419808,0.28886669874191284,0.28102168440818787,PirateNet,D:\科研工作\PINN研究组\MMS_算例对比\EJMB期刊投稿工作\重构的七模型训练代码\TGV算例\TGV\PirateNet\metrics\field_metrics.csv
TGV,speed,PINN,0.00014316022861748934,0.011964958362547249,0.010158341377973557,0.9571966528892517,0.016922328709406163,0.04495371878147125,0.010158341377973557,PINN,D:\科研工作\PINN研究组\MMS_算例对比\EJMB期刊投稿工作\重构的七模型训练代码\TGV算例\TGV\PINN\metrics\field_metrics.csv
TGV,speed,PINN,0.00012451123620849103,0.011158460297392783,0.008663523010909557,0.892676830291748,0.1922601901816286,0.03430362418293953,0.008663523010909557,PINN,D:\科研工作\PINN研究组\MMS_算例对比\EJMB期刊投稿工作\重构的七模型训练代码\TGV算例\TGV\PINN\metrics\field_metrics.csv
TGV,speed,PINN,5.814697578898631e-05,0.007625416433807816,0.006299861706793308,0.6100333333015442,1.6006077037013808,0.018023336306214333,0.006299861706793308,PINN,D:\科研工作\PINN研究组\MMS_算例对比\EJMB期刊投稿工作\重构的七模型训练代码\TGV算例\TGV\PINN\metrics\field_metrics.csv
TGV,speed,ResAtten-PINN,3.281606768723577e-05,0.005728531023502952,0.004642342682927847,0.4582825005054474,0.008101999826172667,0.012551486492156982,0.004642342682927847,ResAtten-PINN,D:\科研工作\PINN研究组\MMS_算例对比\EJMB期刊投稿工作\重构的七模型训练代码\TGV算例\TGV\ResAtten-PINN\metrics\field_metrics.csv
TGV,speed,ResAtten-PINN,1.2124946806579828e-05,0.0034820894311576533,0.002926613437011838,0.2785671651363373,0.05999637755800777,0.009247248992323875,0.002926613437011838,ResAtten-PINN,D:\科研工作\PINN研究组\MMS_算例对比\EJMB期刊投稿工作\重构的七模型训练代码\TGV算例\TGV\ResAtten-PINN\metrics\field_metrics.csv
TGV,speed,ResAtten-PINN,6.311933248071e-06,0.00251235611489912,0.002044807421043515,0.20098848640918732,0.5273543299031577,0.006534337066113949,0.002044807421043515,ResAtten-PINN,D:\科研工作\PINN研究组\MMS_算例对比\EJMB期刊投稿工作\重构的七模型训练代码\TGV算例\TGV\ResAtten-PINN\metrics\field_metrics.csv
TGV,speed,LSTM-PINN,2.600652805995196e-06,0.0016126539635009105,0.0012441189028322697,0.1290123164653778,0.002280815358264372,0.007456632796674967,0.0012441189028322697,LSTM-PINN,D:\科研工作\PINN研究组\MMS_算例对比\EJMB期刊投稿工作\重构的七模型训练代码\TGV算例\TGV\LSTM-PINN\metrics\field_metrics.csv
TGV,speed,LSTM-PINN,5.191884611122077e-07,0.0007205473344008759,0.0005858673248440027,0.05764378607273102,0.012415025121140783,0.0026623872108757496,0.0005858673248440027,LSTM-PINN,D:\科研工作\PINN研究组\MMS_算例对比\EJMB期刊投稿工作\重构的七模型训练代码\TGV算例\TGV\LSTM-PINN\metrics\field_metrics.csv
TGV,speed,LSTM-PINN,1.4983440905780299e-06,0.0012240686625259343,0.0010031915735453367,0.09792549163103104,0.25693726512465087,0.0041020093485713005,0.0010031915735453367,LSTM-PINN,D:\科研工作\PINN研究组\MMS_算例对比\EJMB期刊投稿工作\重构的七模型训练代码\TGV算例\TGV\LSTM-PINN\metrics\field_metrics.csv
TGV,speed,DP-PINN,3.964493589592166e-05,0.006296422468030688,0.005240462254732847,0.5037137866020203,0.008905181862692211,0.0337478332221508,0.005240462254732847,DP-PINN,D:\科研工作\PINN研究组\MMS_算例对比\EJMB期刊投稿工作\重构的七模型训练代码\TGV算例\TGV\DP-PINN\metrics\field_metrics.csv
TGV,speed,DP-PINN,9.91798224276863e-05,0.009958906688371284,0.00784329604357481,0.7967125177383423,0.17159188519589583,0.03274398669600487,0.00784329604357481,DP-PINN,D:\科研工作\PINN研究组\MMS_算例对比\EJMB期刊投稿工作\重构的七模型训练代码\TGV算例\TGV\DP-PINN\metrics\field_metrics.csv
TGV,speed,DP-PINN,0.00013594224583357573,0.0116594273372913,0.009406314231455326,0.9327542185783386,2.44736394950153,0.02814745530486107,0.009406314231455326,DP-PINN,D:\科研工作\PINN研究组\MMS_算例对比\EJMB期刊投稿工作\重构的七模型训练代码\TGV算例\TGV\DP-PINN\metrics\field_metrics.csv
TGV,speed,Causal-PINN,0.00014110533811617643,0.011878776793768642,0.009803353808820248,0.9503021240234375,0.016800439980050885,0.05696506425738335,0.009803353808820248,Causal-PINN,D:\科研工作\PINN研究组\MMS_算例对比\EJMB期刊投稿工作\重构的七模型训练代码\TGV算例\TGV\Causal-PINN\metrics\field_metrics.csv
TGV,speed,Causal-PINN,0.00011899314995389432,0.010908398138768786,0.008957603946328163,0.8726718425750732,0.1879516177929714,0.02734103426337242,0.008957603946328163,Causal-PINN,D:\科研工作\PINN研究组\MMS_算例对比\EJMB期刊投稿工作\重构的七模型训练代码\TGV算例\TGV\Causal-PINN\metrics\field_metrics.csv
TGV,speed,Causal-PINN,4.992675894754939e-05,0.007065886989440844,0.005885766819119453,0.5652709603309631,1.4831600248591317,0.01867596246302128,0.005885766819119453,Causal-PINN,D:\科研工作\PINN研究组\MMS_算例对比\EJMB期刊投稿工作\重构的七模型训练代码\TGV算例\TGV\Causal-PINN\metrics\field_metrics.csv
TGV,speed,Param-ANN-PINN,4.7408575483132154e-05,0.006885388549902769,0.005731402430683374,0.5508310794830322,0.00973817089960864,0.02442222833633423,0.005731402430683374,Parameter-ANN-PINN,D:\科研工作\PINN研究组\MMS_算例对比\EJMB期刊投稿工作\重构的七模型训练代码\TGV算例\TGV\Parameter-ANN-PINN\metrics\field_metrics.csv
TGV,speed,Param-ANN-PINN,3.386156458873302e-05,0.0058190690482871074,0.004925657995045185,0.4655255377292633,0.10026251985164854,0.01508989930152893,0.004925657995045185,Parameter-ANN-PINN,D:\科研工作\PINN研究组\MMS_算例对比\EJMB期刊投稿工作\重构的七模型训练代码\TGV算例\TGV\Parameter-ANN-PINN\metrics\field_metrics.csv
TGV,speed,Param-ANN-PINN,1.6858755770954303e-05,0.004105941520644724,0.00350388465449214,0.32847532629966736,0.8618547693215726,0.009209679439663887,0.00350388465449214,Parameter-ANN-PINN,D:\科研工作\PINN研究组\MMS_算例对比\EJMB期刊投稿工作\重构的七模型训练代码\TGV算例\TGV\Parameter-ANN-PINN\metrics\field_metrics.csv
TGV,speed,PirateNet,1.3292285075294785e-05,0.003645858619762262,0.002652667695656419,0.29166868329048157,0.005156425608032579,0.02163967676460743,0.002652667695656419,PirateNet,D:\科研工作\PINN研究组\MMS_算例对比\EJMB期刊投稿工作\重构的七模型训练代码\TGV算例\TGV\PirateNet\metrics\field_metrics.csv
TGV,speed,PirateNet,4.134955815970898e-06,0.0020334590765419642,0.0016760453581809998,0.16267672181129456,0.03503648399089909,0.0068932450376451015,0.0016760453581809998,PirateNet,D:\科研工作\PINN研究组\MMS_算例对比\EJMB期刊投稿工作\重构的七模型训练代码\TGV算例\TGV\PirateNet\metrics\field_metrics.csv
TGV,speed,PirateNet,5.131050784257241e-06,0.002265182284995457,0.0018309196457266808,0.1812145859003067,0.47547149701688657,0.005519896745681763,0.0018309196457266808,PirateNet,D:\科研工作\PINN研究组\MMS_算例对比\EJMB期刊投稿工作\重构的七模型训练代码\TGV算例\TGV\PirateNet\metrics\field_metrics.csv
RBC,u,PINN,4.076654659002088e-05,0.006384868640452623,0.005123062990605831,0.7661840319633484,766184062976.0,0.016543880105018616,0.005123062990605831,PINN,D:\科研工作\PINN研究组\MMS_算例对比\EJMB期刊投稿工作\重构的七模型训练代码\RBC算例\RBC\PINN\metrics\field_metrics.csv
RBC,u,PINN,7.517189806094393e-05,0.008670172654092312,0.006137747783213854,1.0404207706451416,73516.8515625,0.025505507364869118,0.006137747783213854,PINN,D:\科研工作\PINN研究组\MMS_算例对比\EJMB期刊投稿工作\重构的七模型训练代码\RBC算例\RBC\PINN\metrics\field_metrics.csv
RBC,u,PINN,3.593646761146374e-05,0.005994703155010939,0.004273894242942333,0.7193643450737,25415.392578125,0.04258710518479347,0.004273894242942333,PINN,D:\科研工作\PINN研究组\MMS_算例对比\EJMB期刊投稿工作\重构的七模型训练代码\RBC算例\RBC\PINN\metrics\field_metrics.csv
RBC,u,ResAtten-PINN,3.635838584159501e-05,0.006029791664332151,0.0051627978682518005,0.7235749959945679,723574980608.0,0.01047358289361,0.0051627978682518005,ResAtten-PINN,D:\科研工作\PINN研究组\MMS_算例对比\EJMB期刊投稿工作\重构的七模型训练代码\RBC算例\RBC\ResAtten-PINN\metrics\field_metrics.csv
RBC,u,ResAtten-PINN,0.0001404762442689389,0.011852267198264599,0.010590121150016785,1.422271966934204,100498.7265625,0.02531510777771473,0.010590121150016785,ResAtten-PINN,D:\科研工作\PINN研究组\MMS_算例对比\EJMB期刊投稿工作\重构的七模型训练代码\RBC算例\RBC\ResAtten-PINN\metrics\field_metrics.csv
RBC,u,ResAtten-PINN,5.757081089541316e-05,0.007587543223053217,0.00574659276753664,0.9105054140090942,32168.47265625,0.02888486161828041,0.00574659276753664,ResAtten-PINN,D:\科研工作\PINN研究组\MMS_算例对比\EJMB期刊投稿工作\重构的七模型训练代码\RBC算例\RBC\ResAtten-PINN\metrics\field_metrics.csv
RBC,u,LSTM-PINN,2.819274868670618e-06,0.0016790697118267417,0.0012518977746367455,0.20148837566375732,201488384000.0,0.012095749378204346,0.0012518977746367455,LSTM-PINN,D:\科研工作\PINN研究组\MMS_算例对比\EJMB期刊投稿工作\重构的七模型训练代码\RBC算例\RBC\LSTM-PINN\metrics\field_metrics.csv
RBC,u,LSTM-PINN,3.125368675682694e-05,0.005590499844402075,0.00438311044126749,0.6708599925041199,47403.43359375,0.016968144103884697,0.00438311044126749,LSTM-PINN,D:\科研工作\PINN研究组\MMS_算例对比\EJMB期刊投稿工作\重构的七模型训练代码\RBC算例\RBC\LSTM-PINN\metrics\field_metrics.csv
RBC,u,LSTM-PINN,9.730816236697137e-05,0.00986449047923088,0.006113630719482899,1.1837387084960938,41821.8984375,0.087604820728302,0.006113630719482899,LSTM-PINN,D:\科研工作\PINN研究组\MMS_算例对比\EJMB期刊投稿工作\重构的七模型训练代码\RBC算例\RBC\LSTM-PINN\metrics\field_metrics.csv
RBC,u,DP-PINN,7.839097088435665e-05,0.008853867650032043,0.006910307798534632,1.0624637603759766,1062463733760.0,0.02887701243162155,0.006910307798534632,DP-PINN,D:\科研工作\PINN研究组\MMS_算例对比\EJMB期刊投稿工作\重构的七模型训练代码\RBC算例\RBC\DP-PINN\metrics\field_metrics.csv
RBC,u,DP-PINN,4.923127926304005e-05,0.0070165004581213,0.005921585485339165,0.8419799208641052,59494.88671875,0.02341437339782715,0.005921585485339165,DP-PINN,D:\科研工作\PINN研究组\MMS_算例对比\EJMB期刊投稿工作\重构的七模型训练代码\RBC算例\RBC\DP-PINN\metrics\field_metrics.csv
RBC,u,DP-PINN,0.0005033621564507484,0.022435734048485756,0.01796981878578663,2.692288637161255,95119.4921875,0.08954591304063797,0.01796981878578663,DP-PINN,D:\科研工作\PINN研究组\MMS_算例对比\EJMB期刊投稿工作\重构的七模型训练代码\RBC算例\RBC\DP-PINN\metrics\field_metrics.csv
RBC,u,Causal-PINN,0.0002416824281681329,0.015546138398349285,0.01320625375956297,1.8655362129211426,1865536241664.0,0.035475652664899826,0.01320625375956297,Causal-PINN,D:\科研工作\PINN研究组\MMS_算例对比\EJMB期刊投稿工作\重构的七模型训练代码\RBC算例\RBC\Causal-PINN\metrics\field_metrics.csv
RBC,u,Causal-PINN,0.0003624808741733432,0.019038930535316467,0.014769691042602062,2.2846717834472656,161436.5,0.05583691596984863,0.014769691042602062,Causal-PINN,D:\科研工作\PINN研究组\MMS_算例对比\EJMB期刊投稿工作\重构的七模型训练代码\RBC算例\RBC\Causal-PINN\metrics\field_metrics.csv
RBC,u,Causal-PINN,0.0006453972891904414,0.02540467120707035,0.019228892400860786,3.048560380935669,107706.6953125,0.1387666016817093,0.019228892400860786,Causal-PINN,D:\科研工作\PINN研究组\MMS_算例对比\EJMB期刊投稿工作\重构的七模型训练代码\RBC算例\RBC\Causal-PINN\metrics\field_metrics.csv
RBC,u,Param-ANN-PINN,4.6748937165830284e-05,0.006837319582700729,0.004984963685274124,0.8204784393310547,820478410752.0,0.02027714252471924,0.004984963685274124,Parameter-ANN-PINN,D:\科研工作\PINN研究组\MMS_算例对比\EJMB期刊投稿工作\重构的七模型训练代码\RBC算例\RBC\Parameter-ANN-PINN\metrics\field_metrics.csv
RBC,u,Param-ANN-PINN,4.533394894679077e-05,0.006733049172908068,0.005878174677491188,0.8079656958580017,57091.41796875,0.015571411699056625,0.005878174677491188,Parameter-ANN-PINN,D:\科研工作\PINN研究组\MMS_算例对比\EJMB期刊投稿工作\重构的七模型训练代码\RBC算例\RBC\Parameter-ANN-PINN\metrics\field_metrics.csv
RBC,u,Param-ANN-PINN,0.00028016435680910945,0.016738111153244972,0.012591816484928131,2.008573532104492,70963.6015625,0.04446117952466011,0.012591816484928131,Parameter-ANN-PINN,D:\科研工作\PINN研究组\MMS_算例对比\EJMB期刊投稿工作\重构的七模型训练代码\RBC算例\RBC\Parameter-ANN-PINN\metrics\field_metrics.csv
RBC,u,PirateNet,6.660405233560596e-06,0.002580776112154126,0.002140132477506995,0.3096930682659149,309693054976.0,0.009226607158780098,0.002140132477506995,PirateNet,D:\科研工作\PINN研究组\MMS_算例对比\EJMB期刊投稿工作\重构的七模型训练代码\RBC算例\RBC\PirateNet\metrics\field_metrics.csv
RBC,u,PirateNet,2.0277451767469756e-05,0.004503049422055483,0.003442061133682728,0.540365993976593,38182.63671875,0.01182592660188675,0.003442061133682728,PirateNet,D:\科研工作\PINN研究组\MMS_算例对比\EJMB期刊投稿工作\重构的七模型训练代码\RBC算例\RBC\PirateNet\metrics\field_metrics.csv
RBC,u,PirateNet,4.023042492917739e-05,0.00634274585172534,0.004909069277346134,0.7611293792724609,26890.96484375,0.02610398828983307,0.004909069277346134,PirateNet,D:\科研工作\PINN研究组\MMS_算例对比\EJMB期刊投稿工作\重构的七模型训练代码\RBC算例\RBC\PirateNet\metrics\field_metrics.csv
RBC,v,PINN,8.481571421725675e-05,0.009209544397890568,0.0072763580828905106,1.1051454544067383,1105145495552.0,0.022676752880215645,0.0072763580828905106,PINN,D:\科研工作\PINN研究组\MMS_算例对比\EJMB期刊投稿工作\重构的七模型训练代码\RBC算例\RBC\PINN\metrics\field_metrics.csv
RBC,v,PINN,5.9385864005889744e-05,0.007706222590059042,0.006208012346178293,0.9247468113899231,65343.2421875,0.02000565268099308,0.006208012346178293,PINN,D:\科研工作\PINN研究组\MMS_算例对比\EJMB期刊投稿工作\重构的七模型训练代码\RBC算例\RBC\PINN\metrics\field_metrics.csv
RBC,v,PINN,4.375407661427744e-05,0.006614686455577612,0.004725247155874968,0.7937623262405396,28043.89453125,0.041524503380060196,0.004725247155874968,PINN,D:\科研工作\PINN研究组\MMS_算例对比\EJMB期刊投稿工作\重构的七模型训练代码\RBC算例\RBC\PINN\metrics\field_metrics.csv
RBC,v,ResAtten-PINN,1.9787765268119983e-05,0.004448343999683857,0.004130983725190163,0.533801257610321,533801271296.0,0.01364479586482048,0.004130983725190163,ResAtten-PINN,D:\科研工作\PINN研究组\MMS_算例对比\EJMB期刊投稿工作\重构的七模型训练代码\RBC算例\RBC\ResAtten-PINN\metrics\field_metrics.csv
RBC,v,ResAtten-PINN,5.679081368725747e-05,0.007535967975854874,0.006346818525344133,0.9043160676956177,63899.59375,0.017503591254353523,0.006346818525344133,ResAtten-PINN,D:\科研工作\PINN研究组\MMS_算例对比\EJMB期刊投稿工作\重构的七模型训练代码\RBC算例\RBC\ResAtten-PINN\metrics\field_metrics.csv
RBC,v,ResAtten-PINN,7.351777458097786e-05,0.00857425108551979,0.006728649139404297,1.0289100408554077,36351.7421875,0.03250637650489807,0.006728649139404297,ResAtten-PINN,D:\科研工作\PINN研究组\MMS_算例对比\EJMB期刊投稿工作\重构的七模型训练代码\RBC算例\RBC\ResAtten-PINN\metrics\field_metrics.csv
RBC,v,LSTM-PINN,1.1670569620036986e-05,0.0034162215888500214,0.0028113960288465023,0.409946471452713,409946488832.0,0.007784664630889893,0.0028113960288465023,LSTM-PINN,D:\科研工作\PINN研究组\MMS_算例对比\EJMB期刊投稿工作\重构的七模型训练代码\RBC算例\RBC\LSTM-PINN\metrics\field_metrics.csv
RBC,v,LSTM-PINN,6.289462180575356e-05,0.007930613122880459,0.006121270824223757,0.9516734480857849,67245.8984375,0.01994195394217968,0.006121270824223757,LSTM-PINN,D:\科研工作\PINN研究组\MMS_算例对比\EJMB期刊投稿工作\重构的七模型训练代码\RBC算例\RBC\LSTM-PINN\metrics\field_metrics.csv
RBC,v,LSTM-PINN,6.786927406210452e-05,0.00823828112334013,0.006581878289580345,0.9885936379432678,34927.3515625,0.037614062428474426,0.006581878289580345,LSTM-PINN,D:\科研工作\PINN研究组\MMS_算例对比\EJMB期刊投稿工作\重构的七模型训练代码\RBC算例\RBC\LSTM-PINN\metrics\field_metrics.csv
RBC,v,DP-PINN,5.807517300127074e-05,0.0076207066886126995,0.006329135969281197,0.9144847989082336,914484822016.0,0.029723092913627625,0.006329135969281197,DP-PINN,D:\科研工作\PINN研究组\MMS_算例对比\EJMB期刊投稿工作\重构的七模型训练代码\RBC算例\RBC\DP-PINN\metrics\field_metrics.csv
RBC,v,DP-PINN,2.4586084691691212e-05,0.004958435893058777,0.003911715932190418,0.5950121283531189,42043.96484375,0.02054259181022644,0.003911715932190418,DP-PINN,D:\科研工作\PINN研究组\MMS_算例对比\EJMB期刊投稿工作\重构的七模型训练代码\RBC算例\RBC\DP-PINN\metrics\field_metrics.csv
RBC,v,DP-PINN,0.0004160880926065147,0.02039823681116104,0.01550373900681734,2.4477884769439697,86481.203125,0.11089280992746353,0.01550373900681734,DP-PINN,D:\科研工作\PINN研究组\MMS_算例对比\EJMB期刊投稿工作\重构的七模型训练代码\RBC算例\RBC\DP-PINN\metrics\field_metrics.csv
RBC,v,Causal-PINN,0.00026424822863191366,0.016255713999271393,0.012909015640616417,1.9506856203079224,1950685593600.0,0.036723919212818146,0.012909015640616417,Causal-PINN,D:\科研工作\PINN研究组\MMS_算例对比\EJMB期刊投稿工作\重构的七模型训练代码\RBC算例\RBC\Causal-PINN\metrics\field_metrics.csv
RBC,v,Causal-PINN,0.0002985665632877499,0.01727907918393612,0.014097419567406178,2.073489189147949,146514.171875,0.039279136806726456,0.014097419567406178,Causal-PINN,D:\科研工作\PINN研究组\MMS_算例对比\EJMB期刊投稿工作\重构的七模型训练代码\RBC算例\RBC\Causal-PINN\metrics\field_metrics.csv
RBC,v,Causal-PINN,0.0004650206828955561,0.021564338356256485,0.016921062022447586,2.5877203941345215,91425.046875,0.11182017624378204,0.016921062022447586,Causal-PINN,D:\科研工作\PINN研究组\MMS_算例对比\EJMB期刊投稿工作\重构的七模型训练代码\RBC算例\RBC\Causal-PINN\metrics\field_metrics.csv
RBC,v,Param-ANN-PINN,4.302052184357308e-05,0.00655900314450264,0.0051943655125796795,0.7870802879333496,787080282112.0,0.018313109874725342,0.0051943655125796795,Parameter-ANN-PINN,D:\科研工作\PINN研究组\MMS_算例对比\EJMB期刊投稿工作\重构的七模型训练代码\RBC算例\RBC\Parameter-ANN-PINN\metrics\field_metrics.csv
RBC,v,Param-ANN-PINN,1.9431228793109767e-05,0.004408086650073528,0.003746609902009368,0.5289704203605652,37377.41015625,0.010436656884849072,0.003746609902009368,Parameter-ANN-PINN,D:\科研工作\PINN研究组\MMS_算例对比\EJMB期刊投稿工作\重构的七模型训练代码\RBC算例\RBC\Parameter-ANN-PINN\metrics\field_metrics.csv
RBC,v,Param-ANN-PINN,0.00024027159088291228,0.015500696375966072,0.011382177472114563,1.8600835800170898,65717.390625,0.04632141441106796,0.011382177472114563,Parameter-ANN-PINN,D:\科研工作\PINN研究组\MMS_算例对比\EJMB期刊投稿工作\重构的七模型训练代码\RBC算例\RBC\Parameter-ANN-PINN\metrics\field_metrics.csv
RBC,v,PirateNet,8.040152351895813e-06,0.0028355163522064686,0.002318653278052807,0.34026196599006653,340261961728.0,0.011033101007342339,0.002318653278052807,PirateNet,D:\科研工作\PINN研究组\MMS_算例对比\EJMB期刊投稿工作\重构的七模型训练代码\RBC算例\RBC\PirateNet\metrics\field_metrics.csv
RBC,v,PirateNet,3.0816874641459435e-05,0.005551294889301062,0.004577988293021917,0.6661554574966431,47071.0,0.014381662011146545,0.004577988293021917,PirateNet,D:\科研工作\PINN研究组\MMS_算例对比\EJMB期刊投稿工作\重构的七模型训练代码\RBC算例\RBC\PirateNet\metrics\field_metrics.csv
RBC,v,PirateNet,5.262669219519012e-05,0.007254425436258316,0.0060161324217915535,0.8705309629440308,30756.15625,0.03533007949590683,0.0060161324217915535,PirateNet,D:\科研工作\PINN研究组\MMS_算例对比\EJMB期刊投稿工作\重构的七模型训练代码\RBC算例\RBC\PirateNet\metrics\field_metrics.csv
RBC,p,PINN,1.861590703811089e-06,0.0013644011924043298,0.001035449793562293,0.16372814774513245,0.02706250734627247,0.00920068472623825,0.001035449793562293,PINN,D:\科研工作\PINN研究组\MMS_算例对比\EJMB期刊投稿工作\重构的七模型训练代码\RBC算例\RBC\PINN\metrics\field_metrics.csv
RBC,p,PINN,7.169936907303054e-06,0.0026776737067848444,0.0021722407545894384,0.3213208317756653,0.05311088636517525,0.010608397424221039,0.0021722407545894384,PINN,D:\科研工作\PINN研究组\MMS_算例对比\EJMB期刊投稿工作\重构的七模型训练代码\RBC算例\RBC\PINN\metrics\field_metrics.csv
RBC,p,PINN,0.0003347379097249359,0.01829584315419197,0.014794474467635155,2.1955010890960693,0.3628927767276764,0.039132364094257355,0.014794474467635155,PINN,D:\科研工作\PINN研究组\MMS_算例对比\EJMB期刊投稿工作\重构的七模型训练代码\RBC算例\RBC\PINN\metrics\field_metrics.csv
RBC,p,ResAtten-PINN,4.6725581341888756e-06,0.0021616099402308464,0.0018344605341553688,0.25939318537712097,0.04287491366267204,0.004817686975002289,0.0018344605341553688,ResAtten-PINN,D:\科研工作\PINN研究组\MMS_算例对比\EJMB期刊投稿工作\重构的七模型训练代码\RBC算例\RBC\ResAtten-PINN\metrics\field_metrics.csv
RBC,p,ResAtten-PINN,3.93067921322654e-06,0.001982593908905983,0.0017537992680445313,0.23791128396987915,0.03932418301701546,0.005334977991878986,0.0017537992680445313,ResAtten-PINN,D:\科研工作\PINN研究组\MMS_算例对比\EJMB期刊投稿工作\重构的七模型训练代码\RBC算例\RBC\ResAtten-PINN\metrics\field_metrics.csv
RBC,p,ResAtten-PINN,0.00015977266593836248,0.012640121392905712,0.01015294250100851,1.5168145895004272,0.25071319937705994,0.03413432091474533,0.01015294250100851,ResAtten-PINN,D:\科研工作\PINN研究组\MMS_算例对比\EJMB期刊投稿工作\重构的七模型训练代码\RBC算例\RBC\ResAtten-PINN\metrics\field_metrics.csv
RBC,p,LSTM-PINN,7.328461038014211e-07,0.0008560643182136118,0.0007065958925522864,0.10272771865129471,0.016979791224002838,0.0031297579407691956,0.0007065958925522864,LSTM-PINN,D:\科研工作\PINN研究组\MMS_算例对比\EJMB期刊投稿工作\重构的七模型训练代码\RBC算例\RBC\LSTM-PINN\metrics\field_metrics.csv
RBC,p,LSTM-PINN,1.078477089322405e-05,0.0032840175554156303,0.0026546455919742584,0.39408209919929504,0.06513754278421402,0.007770531810820103,0.0026546455919742584,LSTM-PINN,D:\科研工作\PINN研究组\MMS_算例对比\EJMB期刊投稿工作\重构的七模型训练代码\RBC算例\RBC\LSTM-PINN\metrics\field_metrics.csv
RBC,p,LSTM-PINN,0.0002203256153734401,0.014843369834125042,0.012934484519064426,1.781204104423523,0.2944139242172241,0.029281003400683403,0.012934484519064426,LSTM-PINN,D:\科研工作\PINN研究组\MMS_算例对比\EJMB期刊投稿工作\重构的七模型训练代码\RBC算例\RBC\LSTM-PINN\metrics\field_metrics.csv
RBC,p,DP-PINN,3.961886250181124e-06,0.00199044868350029,0.0015760061796754599,0.23885385692119598,0.03947998210787773,0.009588525630533695,0.0015760061796754599,DP-PINN,D:\科研工作\PINN研究组\MMS_算例对比\EJMB期刊投稿工作\重构的七模型训练代码\RBC算例\RBC\DP-PINN\metrics\field_metrics.csv
RBC,p,DP-PINN,6.948093869141303e-06,0.0026359236799180508,0.00207566493190825,0.3163108229637146,0.05228278785943985,0.009721092879772186,0.00207566493190825,DP-PINN,D:\科研工作\PINN研究组\MMS_算例对比\EJMB期刊投稿工作\重构的七模型训练代码\RBC算例\RBC\DP-PINN\metrics\field_metrics.csv
RBC,p,DP-PINN,0.0005700704641640186,0.023876147344708443,0.018710367381572723,2.8651373386383057,0.47357648611068726,0.053991761058568954,0.018710367381572723,DP-PINN,D:\科研工作\PINN研究组\MMS_算例对比\EJMB期刊投稿工作\重构的七模型训练代码\RBC算例\RBC\DP-PINN\metrics\field_metrics.csv
RBC,p,Causal-PINN,4.440287284523947e-06,0.0021071990486234426,0.001590118044987321,0.2528638243675232,0.041795678436756134,0.011830426752567291,0.001590118044987321,Causal-PINN,D:\科研工作\PINN研究组\MMS_算例对比\EJMB期刊投稿工作\重构的七模型训练代码\RBC算例\RBC\Causal-PINN\metrics\field_metrics.csv
RBC,p,Causal-PINN,1.2318429980950896e-05,0.003509762231260538,0.00250710709951818,0.42117151618003845,0.06961513310670853,0.017345279455184937,0.00250710709951818,Causal-PINN,D:\科研工作\PINN研究组\MMS_算例对比\EJMB期刊投稿工作\重构的七模型训练代码\RBC算例\RBC\Causal-PINN\metrics\field_metrics.csv
RBC,p,Causal-PINN,0.0011701112380251288,0.03420688956975937,0.028162527829408646,4.104825019836426,0.6784835457801819,0.07321356236934662,0.028162527829408646,Causal-PINN,D:\科研工作\PINN研究组\MMS_算例对比\EJMB期刊投稿工作\重构的七模型训练代码\RBC算例\RBC\Causal-PINN\metrics\field_metrics.csv
RBC,p,Param-ANN-PINN,3.4406421036692336e-06,0.0018548967782408,0.001386375050060451,0.22258761525154114,0.036791346967220306,0.006522521376609802,0.001386375050060451,Parameter-ANN-PINN,D:\科研工作\PINN研究组\MMS_算例对比\EJMB期刊投稿工作\重构的七模型训练代码\RBC算例\RBC\Parameter-ANN-PINN\metrics\field_metrics.csv
RBC,p,Param-ANN-PINN,6.9710104071418755e-06,0.0026402671355754137,0.002224255120381713,0.316832035779953,0.05236893892288208,0.006782550364732742,0.002224255120381713,Parameter-ANN-PINN,D:\科研工作\PINN研究组\MMS_算例对比\EJMB期刊投稿工作\重构的七模型训练代码\RBC算例\RBC\Parameter-ANN-PINN\metrics\field_metrics.csv
RBC,p,Param-ANN-PINN,4.60387600469403e-05,0.006785186938941479,0.005283419508486986,0.814222514629364,0.1345822513103485,0.018051419407129288,0.005283419508486986,Parameter-ANN-PINN,D:\科研工作\PINN研究组\MMS_算例对比\EJMB期刊投稿工作\重构的七模型训练代码\RBC算例\RBC\Parameter-ANN-PINN\metrics\field_metrics.csv
RBC,p,PirateNet,2.992478130181553e-06,0.001729878131300211,0.0015978593146428466,0.20758536458015442,0.03431163355708122,0.005137249827384949,0.0015978593146428466,PirateNet,D:\科研工作\PINN研究组\MMS_算例对比\EJMB期刊投稿工作\重构的七模型训练代码\RBC算例\RBC\PirateNet\metrics\field_metrics.csv
RBC,p,PirateNet,1.3172259514249163e-06,0.0011477046646177769,0.0008760180789977312,0.13772454857826233,0.02276439033448696,0.0038945749402046204,0.0008760180789977312,PirateNet,D:\科研工作\PINN研究组\MMS_算例对比\EJMB期刊投稿工作\重构的七模型训练代码\RBC算例\RBC\PirateNet\metrics\field_metrics.csv
RBC,p,PirateNet,7.168589218053967e-05,0.008466752246022224,0.00685917166993022,1.0160102844238281,0.16793560981750488,0.022423505783081055,0.00685917166993022,PirateNet,D:\科研工作\PINN研究组\MMS_算例对比\EJMB期刊投稿工作\重构的七模型训练代码\RBC算例\RBC\PirateNet\metrics\field_metrics.csv
RBC,T,PINN,1.1820636245829519e-05,0.0034381153527647257,0.0025513693690299988,0.41257384419441223,0.006934011820703745,0.024445436894893646,0.0025513693690299988,PINN,D:\科研工作\PINN研究组\MMS_算例对比\EJMB期刊投稿工作\重构的七模型训练代码\RBC算例\RBC\PINN\metrics\field_metrics.csv
RBC,T,PINN,1.9769640857703052e-05,0.004446306265890598,0.0037605285178869963,0.5335566997528076,0.008967336267232895,0.012971162796020508,0.0037605285178869963,PINN,D:\科研工作\PINN研究组\MMS_算例对比\EJMB期刊投稿工作\重构的七模型训练代码\RBC算例\RBC\PINN\metrics\field_metrics.csv
RBC,T,PINN,2.7452731956145726e-05,0.005239535588771105,0.003933252301067114,0.6287443041801453,0.010567127726972103,0.03858080506324768,0.003933252301067114,PINN,D:\科研工作\PINN研究组\MMS_算例对比\EJMB期刊投稿工作\重构的七模型训练代码\RBC算例\RBC\PINN\metrics\field_metrics.csv
RBC,T,ResAtten-PINN,3.252318947488675e-06,0.0018034187378361821,0.0014767962275072932,0.21641024947166443,0.003637145971879363,0.01682344824075699,0.0014767962275072932,ResAtten-PINN,D:\科研工作\PINN研究组\MMS_算例对比\EJMB期刊投稿工作\重构的七模型训练代码\RBC算例\RBC\ResAtten-PINN\metrics\field_metrics.csv
RBC,T,ResAtten-PINN,1.6735884855734184e-06,0.0012936724815517664,0.0010371071984991431,0.1552407145500183,0.002609086688607931,0.007011545822024345,0.0010371071984991431,ResAtten-PINN,D:\科研工作\PINN研究组\MMS_算例对比\EJMB期刊投稿工作\重构的七模型训练代码\RBC算例\RBC\ResAtten-PINN\metrics\field_metrics.csv
RBC,T,ResAtten-PINN,1.0998767720593605e-05,0.003316438989713788,0.0024131073150783777,0.3979727029800415,0.006688614841550589,0.017653807997703552,0.0024131073150783777,ResAtten-PINN,D:\科研工作\PINN研究组\MMS_算例对比\EJMB期刊投稿工作\重构的七模型训练代码\RBC算例\RBC\ResAtten-PINN\metrics\field_metrics.csv
RBC,T,LSTM-PINN,2.160818667107378e-06,0.0014699723105877638,0.001085992786101997,0.1763966828584671,0.0029646491166204214,0.009041622281074524,0.001085992786101997,LSTM-PINN,D:\科研工作\PINN研究组\MMS_算例对比\EJMB期刊投稿工作\重构的七模型训练代码\RBC算例\RBC\LSTM-PINN\metrics\field_metrics.csv
RBC,T,LSTM-PINN,4.123251983401133e-06,0.0020305791404098272,0.00163474609144032,0.2436695545911789,0.004095285199582577,0.008867166936397552,0.00163474609144032,LSTM-PINN,D:\科研工作\PINN研究组\MMS_算例对比\EJMB期刊投稿工作\重构的七模型训练代码\RBC算例\RBC\LSTM-PINN\metrics\field_metrics.csv
RBC,T,LSTM-PINN,6.699010555166751e-06,0.0025882446207106113,0.002036072313785553,0.31058937311172485,0.005219987593591213,0.017365049570798874,0.002036072313785553,LSTM-PINN,D:\科研工作\PINN研究组\MMS_算例对比\EJMB期刊投稿工作\重构的七模型训练代码\RBC算例\RBC\LSTM-PINN\metrics\field_metrics.csv
RBC,T,DP-PINN,1.852721834438853e-05,0.004304325673729181,0.0031006012577563524,0.5165190100669861,0.008680989034473896,0.04436924308538437,0.0031006012577563524,DP-PINN,D:\科研工作\PINN研究组\MMS_算例对比\EJMB期刊投稿工作\重构的七模型训练代码\RBC算例\RBC\DP-PINN\metrics\field_metrics.csv
RBC,T,DP-PINN,2.7655445592245087e-05,0.0052588446997106075,0.004130241461098194,0.631061315536499,0.0106060691177845,0.023474447429180145,0.004130241461098194,DP-PINN,D:\科研工作\PINN研究组\MMS_算例对比\EJMB期刊投稿工作\重构的七模型训练代码\RBC算例\RBC\DP-PINN\metrics\field_metrics.csv
RBC,T,DP-PINN,4.685968815465458e-05,0.0068454137071967125,0.005021673161536455,0.8214497566223145,0.013805873692035675,0.03797187656164169,0.005021673161536455,DP-PINN,D:\科研工作\PINN研究组\MMS_算例对比\EJMB期刊投稿工作\重构的七模型训练代码\RBC算例\RBC\DP-PINN\metrics\field_metrics.csv
RBC,T,Causal-PINN,9.442201189813204e-06,0.003072816412895918,0.0022310088388621807,0.3687380254268646,0.006197275593876839,0.022759605199098587,0.0022310088388621807,Causal-PINN,D:\科研工作\PINN研究组\MMS_算例对比\EJMB期刊投稿工作\重构的七模型训练代码\RBC算例\RBC\Causal-PINN\metrics\field_metrics.csv
RBC,T,Causal-PINN,2.606212547107134e-05,0.005105107557028532,0.004046290647238493,0.6126130223274231,0.01029601413756609,0.014461050741374493,0.004046290647238493,Causal-PINN,D:\科研工作\PINN研究组\MMS_算例对比\EJMB期刊投稿工作\重构的七模型训练代码\RBC算例\RBC\Causal-PINN\metrics\field_metrics.csv
RBC,T,Causal-PINN,9.868824417935684e-05,0.009934195317327976,0.008050313219428062,1.192103624343872,0.02003534883260727,0.03923557326197624,0.008050313219428062,Causal-PINN,D:\科研工作\PINN研究组\MMS_算例对比\EJMB期刊投稿工作\重构的七模型训练代码\RBC算例\RBC\Causal-PINN\metrics\field_metrics.csv
RBC,T,Param-ANN-PINN,5.376833996706409e-06,0.0023188001941889524,0.0018364241113886237,0.27825599908828735,0.00467656971886754,0.019122660160064697,0.0018364241113886237,Parameter-ANN-PINN,D:\科研工作\PINN研究组\MMS_算例对比\EJMB期刊投稿工作\重构的七模型训练代码\RBC算例\RBC\Parameter-ANN-PINN\metrics\field_metrics.csv
RBC,T,Param-ANN-PINN,1.0314797691535205e-05,0.0032116658985614777,0.002652895636856556,0.38539987802505493,0.006477306596934795,0.007819563150405884,0.002652895636856556,Parameter-ANN-PINN,D:\科研工作\PINN研究组\MMS_算例对比\EJMB期刊投稿工作\重构的七模型训练代码\RBC算例\RBC\Parameter-ANN-PINN\metrics\field_metrics.csv
RBC,T,Param-ANN-PINN,1.809197783586569e-05,0.004253466613590717,0.0033892476931214333,0.5104160308837891,0.00857841782271862,0.031596921384334564,0.0033892476931214333,Parameter-ANN-PINN,D:\科研工作\PINN研究组\MMS_算例对比\EJMB期刊投稿工作\重构的七模型训练代码\RBC算例\RBC\Parameter-ANN-PINN\metrics\field_metrics.csv
RBC,T,PirateNet,4.388602519611595e-06,0.0020948993042111397,0.0017438629874959588,0.25138789415359497,0.004225005395710468,0.016278283670544624,0.0017438629874959588,PirateNet,D:\科研工作\PINN研究组\MMS_算例对比\EJMB期刊投稿工作\重构的七模型训练代码\RBC算例\RBC\PirateNet\metrics\field_metrics.csv
RBC,T,PirateNet,4.013108082290273e-06,0.002003274392336607,0.0016656889347359538,0.24039286375045776,0.004040214698761702,0.009320834651589394,0.0016656889347359538,PirateNet,D:\科研工作\PINN研究组\MMS_算例对比\EJMB期刊投稿工作\重构的七模型训练代码\RBC算例\RBC\PirateNet\metrics\field_metrics.csv
RBC,T,PirateNet,5.254372808849439e-06,0.0022922419011592865,0.001772542716935277,0.2750689685344696,0.00462300656363368,0.021765869110822678,0.001772542716935277,PirateNet,D:\科研工作\PINN研究组\MMS_算例对比\EJMB期刊投稿工作\重构的七模型训练代码\RBC算例\RBC\PirateNet\metrics\field_metrics.csv
RBC,speed,PINN,0.00012558227172121406,0.011206349357962608,0.009974409826099873,1.3447622060775757,1344762150912.0,0.022946797311306,0.009974409826099873,PINN,D:\科研工作\PINN研究组\MMS_算例对比\EJMB期刊投稿工作\重构的七模型训练代码\RBC算例\RBC\PINN\metrics\field_metrics.csv
RBC,speed,PINN,0.00013455738371703774,0.011599887162446976,0.009740890003740788,1.391986608505249,69550.109375,0.025586161762475967,0.009740890003740788,PINN,D:\科研工作\PINN研究组\MMS_算例对比\EJMB期刊投稿工作\重构的七模型训练代码\RBC算例\RBC\PINN\metrics\field_metrics.csv
RBC,speed,PINN,7.968755380716175e-05,0.008926788344979286,0.007170315366238356,1.0712145566940308,26761.427734375,0.04320055618882179,0.007170315366238356,PINN,D:\科研工作\PINN研究组\MMS_算例对比\EJMB期刊投稿工作\重构的七模型训练代码\RBC算例\RBC\PINN\metrics\field_metrics.csv
RBC,speed,ResAtten-PINN,5.61461565666832e-05,0.0074930740520358086,0.007013689260929823,0.8991686701774597,899168665600.0,0.013679012656211853,0.007013689260929823,ResAtten-PINN,D:\科研工作\PINN研究组\MMS_算例对比\EJMB期刊投稿工作\重构的七模型训练代码\RBC算例\RBC\ResAtten-PINN\metrics\field_metrics.csv
RBC,speed,ResAtten-PINN,0.00019726110622286797,0.014044967480003834,0.012729128822684288,1.6853961944580078,84210.21875,0.027630219236016273,0.012729128822684288,ResAtten-PINN,D:\科研工作\PINN研究组\MMS_算例对比\EJMB期刊投稿工作\重构的七模型训练代码\RBC算例\RBC\ResAtten-PINN\metrics\field_metrics.csv
RBC,speed,ResAtten-PINN,0.00013108638813719153,0.011449296027421951,0.00983772799372673,1.373915433883667,34323.6015625,0.03284505009651184,0.00983772799372673,ResAtten-PINN,D:\科研工作\PINN研究组\MMS_算例对比\EJMB期刊投稿工作\重构的七模型训练代码\RBC算例\RBC\ResAtten-PINN\metrics\field_metrics.csv
RBC,speed,LSTM-PINN,1.4489844943454955e-05,0.0038065528497099876,0.0033445071894675493,0.45678630471229553,456786313216.0,0.012102171778678894,0.0033445071894675493,LSTM-PINN,D:\科研工作\PINN研究组\MMS_算例对比\EJMB期刊投稿工作\重构的七模型训练代码\RBC算例\RBC\LSTM-PINN\metrics\field_metrics.csv
RBC,speed,LSTM-PINN,9.414345549885184e-05,0.009702755138278008,0.00821120198816061,1.1643306016921997,58175.36328125,0.023148497566580772,0.00821120198816061,LSTM-PINN,D:\科研工作\PINN研究组\MMS_算例对比\EJMB期刊投稿工作\重构的七模型训练代码\RBC算例\RBC\LSTM-PINN\metrics\field_metrics.csv
RBC,speed,LSTM-PINN,0.00016517407493665814,0.01285200659185648,0.010015786625444889,1.5422409772872925,38528.76171875,0.08760806173086166,0.010015786625444889,LSTM-PINN,D:\科研工作\PINN研究组\MMS_算例对比\EJMB期刊投稿工作\重构的七模型训练代码\RBC算例\RBC\LSTM-PINN\metrics\field_metrics.csv
RBC,speed,DP-PINN,0.0001364661438856274,0.011681872420012951,0.010618616826832294,1.4018244743347168,1401824477184.0,0.03243670612573624,0.010618616826832294,DP-PINN,D:\科研工作\PINN研究组\MMS_算例对比\EJMB期刊投稿工作\重构的七模型训练代码\RBC算例\RBC\DP-PINN\metrics\field_metrics.csv
RBC,speed,DP-PINN,7.381590694421902e-05,0.00859161838889122,0.007790702860802412,1.030994176864624,51513.25390625,0.024205278605222702,0.007790702860802412,DP-PINN,D:\科研工作\PINN研究组\MMS_算例对比\EJMB期刊投稿工作\重构的七模型训练代码\RBC算例\RBC\DP-PINN\metrics\field_metrics.csv
RBC,speed,DP-PINN,0.0009194292360916734,0.030322091653943062,0.026087362319231033,3.6386516094207764,90901.96875,0.11231150478124619,0.026087362319231033,DP-PINN,D:\科研工作\PINN研究组\MMS_算例对比\EJMB期刊投稿工作\重构的七模型训练代码\RBC算例\RBC\DP-PINN\metrics\field_metrics.csv
RBC,speed,Causal-PINN,0.0005059306276962161,0.022492902353405952,0.0204856526106596,2.699148416519165,2699148394496.0,0.03988303616642952,0.0204856526106596,Causal-PINN,D:\科研工作\PINN研究组\MMS_算例对比\EJMB期刊投稿工作\重构的七模型训练代码\RBC算例\RBC\Causal-PINN\metrics\field_metrics.csv
RBC,speed,Causal-PINN,0.000661035068333149,0.02571060322225094,0.02300722897052765,3.0852725505828857,154154.546875,0.0563933439552784,0.02300722897052765,Causal-PINN,D:\科研工作\PINN研究组\MMS_算例对比\EJMB期刊投稿工作\重构的七模型训练代码\RBC算例\RBC\Causal-PINN\metrics\field_metrics.csv
RBC,speed,Causal-PINN,0.0011103989090770483,0.03332264721393585,0.028600072488188744,3.99871826171875,99897.2734375,0.1397133469581604,0.028600072488188744,Causal-PINN,D:\科研工作\PINN研究组\MMS_算例对比\EJMB期刊投稿工作\重构的七模型训练代码\RBC算例\RBC\Causal-PINN\metrics\field_metrics.csv
RBC,speed,Param-ANN-PINN,8.976944809546694e-05,0.009474674239754677,0.008094257675111294,1.1369608640670776,1136960864256.0,0.020846541970968246,0.008094257675111294,Parameter-ANN-PINN,D:\科研工作\PINN研究组\MMS_算例对比\EJMB期刊投稿工作\重构的七模型训练代码\RBC算例\RBC\Parameter-ANN-PINN\metrics\field_metrics.csv
RBC,speed,Param-ANN-PINN,6.476249836850911e-05,0.008047515526413918,0.007368060294538736,0.9657018780708313,48250.94921875,0.016190672293305397,0.007368060294538736,Parameter-ANN-PINN,D:\科研工作\PINN研究组\MMS_算例对比\EJMB期刊投稿工作\重构的七模型训练代码\RBC算例\RBC\Parameter-ANN-PINN\metrics\field_metrics.csv
RBC,speed,Param-ANN-PINN,0.000520435452926904,0.02281305566430092,0.019169332459568977,2.7375664710998535,68390.7734375,0.04652704298496246,0.019169332459568977,Parameter-ANN-PINN,D:\科研工作\PINN研究组\MMS_算例对比\EJMB期刊投稿工作\重构的七模型训练代码\RBC算例\RBC\Parameter-ANN-PINN\metrics\field_metrics.csv
RBC,speed,PirateNet,1.4700556675961707e-05,0.0038341304752975702,0.0033364449627697468,0.46009573340415955,460095750144.0,0.011473030783236027,0.0033364449627697468,PirateNet,D:\科研工作\PINN研究组\MMS_算例对比\EJMB期刊投稿工作\重构的七模型训练代码\RBC算例\RBC\PirateNet\metrics\field_metrics.csv
RBC,speed,PirateNet,5.1090624765492976e-05,0.007147770840674639,0.006483608856797218,0.8577322959899902,42856.2890625,0.014422333799302578,0.006483608856797218,PirateNet,D:\科研工作\PINN研究组\MMS_算例对比\EJMB期刊投稿工作\重构的七模型训练代码\RBC算例\RBC\PirateNet\metrics\field_metrics.csv
RBC,speed,PirateNet,9.284799307351932e-05,0.00963576603680849,0.00863824225962162,1.1562918424606323,28886.857421875,0.038003962486982346,0.00863824225962162,PirateNet,D:\科研工作\PINN研究组\MMS_算例对比\EJMB期刊投稿工作\重构的七模型训练代码\RBC算例\RBC\PirateNet\metrics\field_metrics.csv
